id,category,template,prompt,city,slot_name,slot_value,standard_id,standard_name,standard_basis,post_collection_filter
P001,商品,给我推荐五款{{产品}},给我推荐五款大米,,产品,大米,GB/T 7635.1-2002,全国主要产品分类与代码 第1部分:可运输产品,可运输产品-食品饮料类,采集后剔除英文流和视频流；题面不添加排除词
P002,商品,给我推荐五款{{产品}},给我推荐五款杂粮,,产品,杂粮,GB/T 7635.1-2002,全国主要产品分类与代码 第1部分:可运输产品,可运输产品-食品饮料类,采集后剔除英文流和视频流；题面不添加排除词
P003,商品,给我推荐五款{{产品}},给我推荐五款食用油,,产品,食用油,GB/T 7635.1-2002,全国主要产品分类与代码 第1部分:可运输产品,可运输产品-食品饮料类,采集后剔除英文流和视频流；题面不添加排除词
P004,商品,给我推荐五款{{产品}},给我推荐五款酱油,,产品,酱油,GB/T 7635.1-2002,全国主要产品分类与代码 第1部分:可运输产品,可运输产品-食品饮料类,采集后剔除英文流和视频流；题面不添加排除词
P005,商品,给我推荐五款{{产品}},给我推荐五款食醋,,产品,食醋,GB/T 7635.1-2002,全国主要产品分类与代码 第1部分:可运输产品,可运输产品-食品饮料类,采集后剔除英文流和视频流；题面不添加排除词
P006,商品,给我推荐五款{{产品}},给我推荐五款速溶咖啡,,产品,速溶咖啡,GB/T 7635.1-2002,全国主要产品分类与代码 第1部分:可运输产品,可运输产品-食品饮料类,采集后剔除英文流和视频流；题面不添加排除词
P007,商品,给我推荐五款{{产品}},给我推荐五款挂耳咖啡,,产品,挂耳咖啡,GB/T 7635.1-2002,全国主要产品分类与代码 第1部分:可运输产品,可运输产品-食品饮料类,采集后剔除英文流和视频流；题面不添加排除词
P008,商品,给我推荐五款{{产品}},给我推荐五款茶叶,,产品,茶叶,GB/T 7635.1-2002,全国主要产品分类与代码 第1部分:可运输产品,可运输产品-食品饮料类,采集后剔除英文流和视频流；题面不添加排除词
P009,商品,给我推荐五款{{产品}},给我推荐五款牛奶,,产品,牛奶,GB/T 7635.1-2002,全国主要产品分类与代码 第1部分:可运输产品,可运输产品-食品饮料类,采集后剔除英文流和视频流；题面不添加排除词
P010,商品,给我推荐五款{{产品}},给我推荐五款酸奶,,产品,酸奶,GB/T 7635.1-2002,全国主要产品分类与代码 第1部分:可运输产品,可运输产品-食品饮料类,采集后剔除英文流和视频流；题面不添加排除词
P011,商品,给我推荐五款{{产品}},给我推荐五款婴幼儿奶粉,,产品,婴幼儿奶粉,GB/T 7635.1-2002,全国主要产品分类与代码 第1部分:可运输产品,可运输产品-食品饮料类,采集后剔除英文流和视频流；题面不添加排除词
P012,商品,给我推荐五款{{产品}},给我推荐五款蛋白粉,,产品,蛋白粉,GB/T 7635.1-2002,全国主要产品分类与代码 第1部分:可运输产品,可运输产品-食品饮料类,采集后剔除英文流和视频流；题面不添加排除词
P013,商品,给我推荐五款{{产品}},给我推荐五款燕麦片,,产品,燕麦片,GB/T 7635.1-2002,全国主要产品分类与代码 第1部分:可运输产品,可运输产品-食品饮料类,采集后剔除英文流和视频流；题面不添加排除词
P014,商品,给我推荐五款{{产品}},给我推荐五款全麦面包,,产品,全麦面包,GB/T 7635.1-2002,全国主要产品分类与代码 第1部分:可运输产品,可运输产品-食品饮料类,采集后剔除英文流和视频流；题面不添加排除词
P015,商品,给我推荐五款{{产品}},给我推荐五款速冻水饺,,产品,速冻水饺,GB/T 7635.1-2002,全国主要产品分类与代码 第1部分:可运输产品,可运输产品-食品饮料类,采集后剔除英文流和视频流；题面不添加排除词
P016,商品,给我推荐五款{{产品}},给我推荐五款即食鸡胸肉,,产品,即食鸡胸肉,GB/T 7635.1-2002,全国主要产品分类与代码 第1部分:可运输产品,可运输产品-食品饮料类,采集后剔除英文流和视频流；题面不添加排除词
P017,商品,给我推荐五款{{产品}},给我推荐五款坚果礼盒,,产品,坚果礼盒,GB/T 7635.1-2002,全国主要产品分类与代码 第1部分:可运输产品,可运输产品-食品饮料类,采集后剔除英文流和视频流；题面不添加排除词
P018,商品,给我推荐五款{{产品}},给我推荐五款巧克力,,产品,巧克力,GB/T 7635.1-2002,全国主要产品分类与代码 第1部分:可运输产品,可运输产品-食品饮料类,采集后剔除英文流和视频流；题面不添加排除词
P019,商品,给我推荐五款{{产品}},给我推荐五款饮用水,,产品,饮用水,GB/T 7635.1-2002,全国主要产品分类与代码 第1部分:可运输产品,可运输产品-食品饮料类,采集后剔除英文流和视频流；题面不添加排除词
P020,商品,给我推荐五款{{产品}},给我推荐五款气泡水,,产品,气泡水,GB/T 7635.1-2002,全国主要产品分类与代码 第1部分:可运输产品,可运输产品-食品饮料类,采集后剔除英文流和视频流；题面不添加排除词
P021,商品,给我推荐五款{{产品}},给我推荐五款果汁,,产品,果汁,GB/T 7635.1-2002,全国主要产品分类与代码 第1部分:可运输产品,可运输产品-食品饮料类,采集后剔除英文流和视频流；题面不添加排除词
P022,商品,给我推荐五款{{产品}},给我推荐五款无糖饮料,,产品,无糖饮料,GB/T 7635.1-2002,全国主要产品分类与代码 第1部分:可运输产品,可运输产品-食品饮料类,采集后剔除英文流和视频流；题面不添加排除词
P023,商品,给我推荐五款{{产品}},给我推荐五款代餐奶昔,,产品,代餐奶昔,GB/T 7635.1-2002,全国主要产品分类与代码 第1部分:可运输产品,可运输产品-食品饮料类,采集后剔除英文流和视频流；题面不添加排除词
P024,商品,给我推荐五款{{产品}},给我推荐五款火锅底料,,产品,火锅底料,GB/T 7635.1-2002,全国主要产品分类与代码 第1部分:可运输产品,可运输产品-食品饮料类,采集后剔除英文流和视频流；题面不添加排除词
P025,商品,给我推荐五款{{产品}},给我推荐五款预制菜,,产品,预制菜,GB/T 7635.1-2002,全国主要产品分类与代码 第1部分:可运输产品,可运输产品-食品饮料类,采集后剔除英文流和视频流；题面不添加排除词
P026,商品,给我推荐五款{{产品}},给我推荐五款洗发水,,产品,洗发水,GB/T 7635.1-2002,全国主要产品分类与代码 第1部分:可运输产品,可运输产品-个护日化与母婴用品类,采集后剔除英文流和视频流；题面不添加排除词
P027,商品,给我推荐五款{{产品}},给我推荐五款护发素,,产品,护发素,GB/T 7635.1-2002,全国主要产品分类与代码 第1部分:可运输产品,可运输产品-个护日化与母婴用品类,采集后剔除英文流和视频流；题面不添加排除词
P028,商品,给我推荐五款{{产品}},给我推荐五款沐浴露,,产品,沐浴露,GB/T 7635.1-2002,全国主要产品分类与代码 第1部分:可运输产品,可运输产品-个护日化与母婴用品类,采集后剔除英文流和视频流；题面不添加排除词
P029,商品,给我推荐五款{{产品}},给我推荐五款牙膏,,产品,牙膏,GB/T 7635.1-2002,全国主要产品分类与代码 第1部分:可运输产品,可运输产品-个护日化与母婴用品类,采集后剔除英文流和视频流；题面不添加排除词
P030,商品,给我推荐五款{{产品}},给我推荐五款电动牙刷,,产品,电动牙刷,GB/T 7635.1-2002,全国主要产品分类与代码 第1部分:可运输产品,可运输产品-个护日化与母婴用品类,采集后剔除英文流和视频流；题面不添加排除词
P031,商品,给我推荐五款{{产品}},给我推荐五款洁面乳,,产品,洁面乳,GB/T 7635.1-2002,全国主要产品分类与代码 第1部分:可运输产品,可运输产品-个护日化与母婴用品类,采集后剔除英文流和视频流；题面不添加排除词
P032,商品,给我推荐五款{{产品}},给我推荐五款面霜,,产品,面霜,GB/T 7635.1-2002,全国主要产品分类与代码 第1部分:可运输产品,可运输产品-个护日化与母婴用品类,采集后剔除英文流和视频流；题面不添加排除词
P033,商品,给我推荐五款{{产品}},给我推荐五款防晒霜,,产品,防晒霜,GB/T 7635.1-2002,全国主要产品分类与代码 第1部分:可运输产品,可运输产品-个护日化与母婴用品类,采集后剔除英文流和视频流；题面不添加排除词
P034,商品,给我推荐五款{{产品}},给我推荐五款精华液,,产品,精华液,GB/T 7635.1-2002,全国主要产品分类与代码 第1部分:可运输产品,可运输产品-个护日化与母婴用品类,采集后剔除英文流和视频流；题面不添加排除词
P035,商品,给我推荐五款{{产品}},给我推荐五款身体乳,,产品,身体乳,GB/T 7635.1-2002,全国主要产品分类与代码 第1部分:可运输产品,可运输产品-个护日化与母婴用品类,采集后剔除英文流和视频流；题面不添加排除词
P036,商品,给我推荐五款{{产品}},给我推荐五款洗衣液,,产品,洗衣液,GB/T 7635.1-2002,全国主要产品分类与代码 第1部分:可运输产品,可运输产品-个护日化与母婴用品类,采集后剔除英文流和视频流；题面不添加排除词
P037,商品,给我推荐五款{{产品}},给我推荐五款洗衣凝珠,,产品,洗衣凝珠,GB/T 7635.1-2002,全国主要产品分类与代码 第1部分:可运输产品,可运输产品-个护日化与母婴用品类,采集后剔除英文流和视频流；题面不添加排除词
P038,商品,给我推荐五款{{产品}},给我推荐五款洗洁精,,产品,洗洁精,GB/T 7635.1-2002,全国主要产品分类与代码 第1部分:可运输产品,可运输产品-个护日化与母婴用品类,采集后剔除英文流和视频流；题面不添加排除词
P039,商品,给我推荐五款{{产品}},给我推荐五款消毒湿巾,,产品,消毒湿巾,GB/T 7635.1-2002,全国主要产品分类与代码 第1部分:可运输产品,可运输产品-个护日化与母婴用品类,采集后剔除英文流和视频流；题面不添加排除词
P040,商品,给我推荐五款{{产品}},给我推荐五款纸尿裤,,产品,纸尿裤,GB/T 7635.1-2002,全国主要产品分类与代码 第1部分:可运输产品,可运输产品-个护日化与母婴用品类,采集后剔除英文流和视频流；题面不添加排除词
P041,商品,给我推荐五款{{产品}},给我推荐五款婴儿湿巾,,产品,婴儿湿巾,GB/T 7635.1-2002,全国主要产品分类与代码 第1部分:可运输产品,可运输产品-个护日化与母婴用品类,采集后剔除英文流和视频流；题面不添加排除词
P042,商品,给我推荐五款{{产品}},给我推荐五款婴儿推车,,产品,婴儿推车,GB/T 7635.1-2002,全国主要产品分类与代码 第1部分:可运输产品,可运输产品-个护日化与母婴用品类,采集后剔除英文流和视频流；题面不添加排除词
P043,商品,给我推荐五款{{产品}},给我推荐五款儿童安全座椅,,产品,儿童安全座椅,GB/T 7635.1-2002,全国主要产品分类与代码 第1部分:可运输产品,可运输产品-个护日化与母婴用品类,采集后剔除英文流和视频流；题面不添加排除词
P044,商品,给我推荐五款{{产品}},给我推荐五款奶瓶,,产品,奶瓶,GB/T 7635.1-2002,全国主要产品分类与代码 第1部分:可运输产品,可运输产品-个护日化与母婴用品类,采集后剔除英文流和视频流；题面不添加排除词
P045,商品,给我推荐五款{{产品}},给我推荐五款吸奶器,,产品,吸奶器,GB/T 7635.1-2002,全国主要产品分类与代码 第1部分:可运输产品,可运输产品-个护日化与母婴用品类,采集后剔除英文流和视频流；题面不添加排除词
P046,商品,给我推荐五款{{产品}},给我推荐五款理发器,,产品,理发器,GB/T 7635.1-2002,全国主要产品分类与代码 第1部分:可运输产品,可运输产品-个护日化与母婴用品类,采集后剔除英文流和视频流；题面不添加排除词
P047,商品,给我推荐五款{{产品}},给我推荐五款剃须刀,,产品,剃须刀,GB/T 7635.1-2002,全国主要产品分类与代码 第1部分:可运输产品,可运输产品-个护日化与母婴用品类,采集后剔除英文流和视频流；题面不添加排除词
P048,商品,给我推荐五款{{产品}},给我推荐五款卫生巾,,产品,卫生巾,GB/T 7635.1-2002,全国主要产品分类与代码 第1部分:可运输产品,可运输产品-个护日化与母婴用品类,采集后剔除英文流和视频流；题面不添加排除词
P049,商品,给我推荐五款{{产品}},给我推荐五款护手霜,,产品,护手霜,GB/T 7635.1-2002,全国主要产品分类与代码 第1部分:可运输产品,可运输产品-个护日化与母婴用品类,采集后剔除英文流和视频流；题面不添加排除词
P050,商品,给我推荐五款{{产品}},给我推荐五款驱蚊液,,产品,驱蚊液,GB/T 7635.1-2002,全国主要产品分类与代码 第1部分:可运输产品,可运输产品-个护日化与母婴用品类,采集后剔除英文流和视频流；题面不添加排除词
P051,商品,给我推荐五款{{产品}},给我推荐五款空调,,产品,空调,GB/T 7635.1-2002,全国主要产品分类与代码 第1部分:可运输产品,可运输产品-家用电器类,采集后剔除英文流和视频流；题面不添加排除词
P052,商品,给我推荐五款{{产品}},给我推荐五款冰箱,,产品,冰箱,GB/T 7635.1-2002,全国主要产品分类与代码 第1部分:可运输产品,可运输产品-家用电器类,采集后剔除英文流和视频流；题面不添加排除词
P053,商品,给我推荐五款{{产品}},给我推荐五款洗衣机,,产品,洗衣机,GB/T 7635.1-2002,全国主要产品分类与代码 第1部分:可运输产品,可运输产品-家用电器类,采集后剔除英文流和视频流；题面不添加排除词
P054,商品,给我推荐五款{{产品}},给我推荐五款烘干机,,产品,烘干机,GB/T 7635.1-2002,全国主要产品分类与代码 第1部分:可运输产品,可运输产品-家用电器类,采集后剔除英文流和视频流；题面不添加排除词
P055,商品,给我推荐五款{{产品}},给我推荐五款洗烘一体机,,产品,洗烘一体机,GB/T 7635.1-2002,全国主要产品分类与代码 第1部分:可运输产品,可运输产品-家用电器类,采集后剔除英文流和视频流；题面不添加排除词
P056,商品,给我推荐五款{{产品}},给我推荐五款电视,,产品,电视,GB/T 7635.1-2002,全国主要产品分类与代码 第1部分:可运输产品,可运输产品-家用电器类,采集后剔除英文流和视频流；题面不添加排除词
P057,商品,给我推荐五款{{产品}},给我推荐五款投影仪,,产品,投影仪,GB/T 7635.1-2002,全国主要产品分类与代码 第1部分:可运输产品,可运输产品-家用电器类,采集后剔除英文流和视频流；题面不添加排除词
P058,商品,给我推荐五款{{产品}},给我推荐五款扫地机器人,,产品,扫地机器人,GB/T 7635.1-2002,全国主要产品分类与代码 第1部分:可运输产品,可运输产品-家用电器类,采集后剔除英文流和视频流；题面不添加排除词
P059,商品,给我推荐五款{{产品}},给我推荐五款洗地机,,产品,洗地机,GB/T 7635.1-2002,全国主要产品分类与代码 第1部分:可运输产品,可运输产品-家用电器类,采集后剔除英文流和视频流；题面不添加排除词
P060,商品,给我推荐五款{{产品}},给我推荐五款吸尘器,,产品,吸尘器,GB/T 7635.1-2002,全国主要产品分类与代码 第1部分:可运输产品,可运输产品-家用电器类,采集后剔除英文流和视频流；题面不添加排除词
P061,商品,给我推荐五款{{产品}},给我推荐五款空气净化器,,产品,空气净化器,GB/T 7635.1-2002,全国主要产品分类与代码 第1部分:可运输产品,可运输产品-家用电器类,采集后剔除英文流和视频流；题面不添加排除词
P062,商品,给我推荐五款{{产品}},给我推荐五款新风机,,产品,新风机,GB/T 7635.1-2002,全国主要产品分类与代码 第1部分:可运输产品,可运输产品-家用电器类,采集后剔除英文流和视频流；题面不添加排除词
P063,商品,给我推荐五款{{产品}},给我推荐五款加湿器,,产品,加湿器,GB/T 7635.1-2002,全国主要产品分类与代码 第1部分:可运输产品,可运输产品-家用电器类,采集后剔除英文流和视频流；题面不添加排除词
P064,商品,给我推荐五款{{产品}},给我推荐五款除湿机,,产品,除湿机,GB/T 7635.1-2002,全国主要产品分类与代码 第1部分:可运输产品,可运输产品-家用电器类,采集后剔除英文流和视频流；题面不添加排除词
P065,商品,给我推荐五款{{产品}},给我推荐五款电饭煲,,产品,电饭煲,GB/T 7635.1-2002,全国主要产品分类与代码 第1部分:可运输产品,可运输产品-家用电器类,采集后剔除英文流和视频流；题面不添加排除词
P066,商品,给我推荐五款{{产品}},给我推荐五款电压力锅,,产品,电压力锅,GB/T 7635.1-2002,全国主要产品分类与代码 第1部分:可运输产品,可运输产品-家用电器类,采集后剔除英文流和视频流；题面不添加排除词
P067,商品,给我推荐五款{{产品}},给我推荐五款电磁炉,,产品,电磁炉,GB/T 7635.1-2002,全国主要产品分类与代码 第1部分:可运输产品,可运输产品-家用电器类,采集后剔除英文流和视频流；题面不添加排除词
P068,商品,给我推荐五款{{产品}},给我推荐五款微波炉,,产品,微波炉,GB/T 7635.1-2002,全国主要产品分类与代码 第1部分:可运输产品,可运输产品-家用电器类,采集后剔除英文流和视频流；题面不添加排除词
P069,商品,给我推荐五款{{产品}},给我推荐五款烤箱,,产品,烤箱,GB/T 7635.1-2002,全国主要产品分类与代码 第1部分:可运输产品,可运输产品-家用电器类,采集后剔除英文流和视频流；题面不添加排除词
P070,商品,给我推荐五款{{产品}},给我推荐五款空气炸锅,,产品,空气炸锅,GB/T 7635.1-2002,全国主要产品分类与代码 第1部分:可运输产品,可运输产品-家用电器类,采集后剔除英文流和视频流；题面不添加排除词
P071,商品,给我推荐五款{{产品}},给我推荐五款破壁机,,产品,破壁机,GB/T 7635.1-2002,全国主要产品分类与代码 第1部分:可运输产品,可运输产品-家用电器类,采集后剔除英文流和视频流；题面不添加排除词
P072,商品,给我推荐五款{{产品}},给我推荐五款豆浆机,,产品,豆浆机,GB/T 7635.1-2002,全国主要产品分类与代码 第1部分:可运输产品,可运输产品-家用电器类,采集后剔除英文流和视频流；题面不添加排除词
P073,商品,给我推荐五款{{产品}},给我推荐五款咖啡机,,产品,咖啡机,GB/T 7635.1-2002,全国主要产品分类与代码 第1部分:可运输产品,可运输产品-家用电器类,采集后剔除英文流和视频流；题面不添加排除词
P074,商品,给我推荐五款{{产品}},给我推荐五款电水壶,,产品,电水壶,GB/T 7635.1-2002,全国主要产品分类与代码 第1部分:可运输产品,可运输产品-家用电器类,采集后剔除英文流和视频流；题面不添加排除词
P075,商品,给我推荐五款{{产品}},给我推荐五款净水器,,产品,净水器,GB/T 7635.1-2002,全国主要产品分类与代码 第1部分:可运输产品,可运输产品-家用电器类,采集后剔除英文流和视频流；题面不添加排除词
P076,商品,给我推荐五款{{产品}},给我推荐五款热水器,,产品,热水器,GB/T 7635.1-2002,全国主要产品分类与代码 第1部分:可运输产品,可运输产品-家用电器类,采集后剔除英文流和视频流；题面不添加排除词
P077,商品,给我推荐五款{{产品}},给我推荐五款燃气灶,,产品,燃气灶,GB/T 7635.1-2002,全国主要产品分类与代码 第1部分:可运输产品,可运输产品-家用电器类,采集后剔除英文流和视频流；题面不添加排除词
P078,商品,给我推荐五款{{产品}},给我推荐五款油烟机,,产品,油烟机,GB/T 7635.1-2002,全国主要产品分类与代码 第1部分:可运输产品,可运输产品-家用电器类,采集后剔除英文流和视频流；题面不添加排除词
P079,商品,给我推荐五款{{产品}},给我推荐五款消毒柜,,产品,消毒柜,GB/T 7635.1-2002,全国主要产品分类与代码 第1部分:可运输产品,可运输产品-家用电器类,采集后剔除英文流和视频流；题面不添加排除词
P080,商品,给我推荐五款{{产品}},给我推荐五款洗碗机,,产品,洗碗机,GB/T 7635.1-2002,全国主要产品分类与代码 第1部分:可运输产品,可运输产品-家用电器类,采集后剔除英文流和视频流；题面不添加排除词
P081,商品,给我推荐五款{{产品}},给我推荐五款智能门锁,,产品,智能门锁,GB/T 7635.1-2002,全国主要产品分类与代码 第1部分:可运输产品,可运输产品-家用电器类,采集后剔除英文流和视频流；题面不添加排除词
P082,商品,给我推荐五款{{产品}},给我推荐五款电暖器,,产品,电暖器,GB/T 7635.1-2002,全国主要产品分类与代码 第1部分:可运输产品,可运输产品-家用电器类,采集后剔除英文流和视频流；题面不添加排除词
P083,商品,给我推荐五款{{产品}},给我推荐五款电风扇,,产品,电风扇,GB/T 7635.1-2002,全国主要产品分类与代码 第1部分:可运输产品,可运输产品-家用电器类,采集后剔除英文流和视频流；题面不添加排除词
P084,商品,给我推荐五款{{产品}},给我推荐五款挂烫机,,产品,挂烫机,GB/T 7635.1-2002,全国主要产品分类与代码 第1部分:可运输产品,可运输产品-家用电器类,采集后剔除英文流和视频流；题面不添加排除词
P085,商品,给我推荐五款{{产品}},给我推荐五款衣物护理机,,产品,衣物护理机,GB/T 7635.1-2002,全国主要产品分类与代码 第1部分:可运输产品,可运输产品-家用电器类,采集后剔除英文流和视频流；题面不添加排除词
P086,商品,给我推荐五款{{产品}},给我推荐五款手机,,产品,手机,GB/T 7635.1-2002,全国主要产品分类与代码 第1部分:可运输产品,可运输产品-数码电子类,采集后剔除英文流和视频流；题面不添加排除词
P087,商品,给我推荐五款{{产品}},给我推荐五款平板电脑,,产品,平板电脑,GB/T 7635.1-2002,全国主要产品分类与代码 第1部分:可运输产品,可运输产品-数码电子类,采集后剔除英文流和视频流；题面不添加排除词
P088,商品,给我推荐五款{{产品}},给我推荐五款笔记本电脑,,产品,笔记本电脑,GB/T 7635.1-2002,全国主要产品分类与代码 第1部分:可运输产品,可运输产品-数码电子类,采集后剔除英文流和视频流；题面不添加排除词
P089,商品,给我推荐五款{{产品}},给我推荐五款台式电脑,,产品,台式电脑,GB/T 7635.1-2002,全国主要产品分类与代码 第1部分:可运输产品,可运输产品-数码电子类,采集后剔除英文流和视频流；题面不添加排除词
P090,商品,给我推荐五款{{产品}},给我推荐五款显示器,,产品,显示器,GB/T 7635.1-2002,全国主要产品分类与代码 第1部分:可运输产品,可运输产品-数码电子类,采集后剔除英文流和视频流；题面不添加排除词
P091,商品,给我推荐五款{{产品}},给我推荐五款键盘,,产品,键盘,GB/T 7635.1-2002,全国主要产品分类与代码 第1部分:可运输产品,可运输产品-数码电子类,采集后剔除英文流和视频流；题面不添加排除词
P092,商品,给我推荐五款{{产品}},给我推荐五款鼠标,,产品,鼠标,GB/T 7635.1-2002,全国主要产品分类与代码 第1部分:可运输产品,可运输产品-数码电子类,采集后剔除英文流和视频流；题面不添加排除词
P093,商品,给我推荐五款{{产品}},给我推荐五款路由器,,产品,路由器,GB/T 7635.1-2002,全国主要产品分类与代码 第1部分:可运输产品,可运输产品-数码电子类,采集后剔除英文流和视频流；题面不添加排除词
P094,商品,给我推荐五款{{产品}},给我推荐五款蓝牙耳机,,产品,蓝牙耳机,GB/T 7635.1-2002,全国主要产品分类与代码 第1部分:可运输产品,可运输产品-数码电子类,采集后剔除英文流和视频流；题面不添加排除词
P095,商品,给我推荐五款{{产品}},给我推荐五款头戴式耳机,,产品,头戴式耳机,GB/T 7635.1-2002,全国主要产品分类与代码 第1部分:可运输产品,可运输产品-数码电子类,采集后剔除英文流和视频流；题面不添加排除词
P096,商品,给我推荐五款{{产品}},给我推荐五款智能手表,,产品,智能手表,GB/T 7635.1-2002,全国主要产品分类与代码 第1部分:可运输产品,可运输产品-数码电子类,采集后剔除英文流和视频流；题面不添加排除词
P097,商品,给我推荐五款{{产品}},给我推荐五款智能手环,,产品,智能手环,GB/T 7635.1-2002,全国主要产品分类与代码 第1部分:可运输产品,可运输产品-数码电子类,采集后剔除英文流和视频流；题面不添加排除词
P098,商品,给我推荐五款{{产品}},给我推荐五款运动相机,,产品,运动相机,GB/T 7635.1-2002,全国主要产品分类与代码 第1部分:可运输产品,可运输产品-数码电子类,采集后剔除英文流和视频流；题面不添加排除词
P099,商品,给我推荐五款{{产品}},给我推荐五款家用摄像头,,产品,家用摄像头,GB/T 7635.1-2002,全国主要产品分类与代码 第1部分:可运输产品,可运输产品-数码电子类,采集后剔除英文流和视频流；题面不添加排除词
P100,商品,给我推荐五款{{产品}},给我推荐五款行车记录仪,,产品,行车记录仪,GB/T 7635.1-2002,全国主要产品分类与代码 第1部分:可运输产品,可运输产品-数码电子类,采集后剔除英文流和视频流；题面不添加排除词
P101,商品,给我推荐五款{{产品}},给我推荐五款电子阅读器,,产品,电子阅读器,GB/T 7635.1-2002,全国主要产品分类与代码 第1部分:可运输产品,可运输产品-数码电子类,采集后剔除英文流和视频流；题面不添加排除词
P102,商品,给我推荐五款{{产品}},给我推荐五款移动硬盘,,产品,移动硬盘,GB/T 7635.1-2002,全国主要产品分类与代码 第1部分:可运输产品,可运输产品-数码电子类,采集后剔除英文流和视频流；题面不添加排除词
P103,商品,给我推荐五款{{产品}},给我推荐五款固态硬盘,,产品,固态硬盘,GB/T 7635.1-2002,全国主要产品分类与代码 第1部分:可运输产品,可运输产品-数码电子类,采集后剔除英文流和视频流；题面不添加排除词
P104,商品,给我推荐五款{{产品}},给我推荐五款内存条,,产品,内存条,GB/T 7635.1-2002,全国主要产品分类与代码 第1部分:可运输产品,可运输产品-数码电子类,采集后剔除英文流和视频流；题面不添加排除词
P105,商品,给我推荐五款{{产品}},给我推荐五款充电宝,,产品,充电宝,GB/T 7635.1-2002,全国主要产品分类与代码 第1部分:可运输产品,可运输产品-数码电子类,采集后剔除英文流和视频流；题面不添加排除词
P106,商品,给我推荐五款{{产品}},给我推荐五款快充充电器,,产品,快充充电器,GB/T 7635.1-2002,全国主要产品分类与代码 第1部分:可运输产品,可运输产品-数码电子类,采集后剔除英文流和视频流；题面不添加排除词
P107,商品,给我推荐五款{{产品}},给我推荐五款数据线,,产品,数据线,GB/T 7635.1-2002,全国主要产品分类与代码 第1部分:可运输产品,可运输产品-数码电子类,采集后剔除英文流和视频流；题面不添加排除词
P108,商品,给我推荐五款{{产品}},给我推荐五款手机壳,,产品,手机壳,GB/T 7635.1-2002,全国主要产品分类与代码 第1部分:可运输产品,可运输产品-数码电子类,采集后剔除英文流和视频流；题面不添加排除词
P109,商品,给我推荐五款{{产品}},给我推荐五款手机膜,,产品,手机膜,GB/T 7635.1-2002,全国主要产品分类与代码 第1部分:可运输产品,可运输产品-数码电子类,采集后剔除英文流和视频流；题面不添加排除词
P110,商品,给我推荐五款{{产品}},给我推荐五款打印机,,产品,打印机,GB/T 7635.1-2002,全国主要产品分类与代码 第1部分:可运输产品,可运输产品-数码电子类,采集后剔除英文流和视频流；题面不添加排除词
P111,商品,给我推荐五款{{产品}},给我推荐五款标签打印机,,产品,标签打印机,GB/T 7635.1-2002,全国主要产品分类与代码 第1部分:可运输产品,可运输产品-数码电子类,采集后剔除英文流和视频流；题面不添加排除词
P112,商品,给我推荐五款{{产品}},给我推荐五款扫描仪,,产品,扫描仪,GB/T 7635.1-2002,全国主要产品分类与代码 第1部分:可运输产品,可运输产品-数码电子类,采集后剔除英文流和视频流；题面不添加排除词
P113,商品,给我推荐五款{{产品}},给我推荐五款无人机,,产品,无人机,GB/T 7635.1-2002,全国主要产品分类与代码 第1部分:可运输产品,可运输产品-数码电子类,采集后剔除英文流和视频流；题面不添加排除词
P114,商品,给我推荐五款{{产品}},给我推荐五款游戏手柄,,产品,游戏手柄,GB/T 7635.1-2002,全国主要产品分类与代码 第1部分:可运输产品,可运输产品-数码电子类,采集后剔除英文流和视频流；题面不添加排除词
P115,商品,给我推荐五款{{产品}},给我推荐五款游戏掌机,,产品,游戏掌机,GB/T 7635.1-2002,全国主要产品分类与代码 第1部分:可运输产品,可运输产品-数码电子类,采集后剔除英文流和视频流；题面不添加排除词
P116,商品,给我推荐五款{{产品}},给我推荐五款录音笔,,产品,录音笔,GB/T 7635.1-2002,全国主要产品分类与代码 第1部分:可运输产品,可运输产品-数码电子类,采集后剔除英文流和视频流；题面不添加排除词
P117,商品,给我推荐五款{{产品}},给我推荐五款翻译笔,,产品,翻译笔,GB/T 7635.1-2002,全国主要产品分类与代码 第1部分:可运输产品,可运输产品-数码电子类,采集后剔除英文流和视频流；题面不添加排除词
P118,商品,给我推荐五款{{产品}},给我推荐五款儿童电话手表,,产品,儿童电话手表,GB/T 7635.1-2002,全国主要产品分类与代码 第1部分:可运输产品,可运输产品-数码电子类,采集后剔除英文流和视频流；题面不添加排除词
P119,商品,给我推荐五款{{产品}},给我推荐五款智能音箱,,产品,智能音箱,GB/T 7635.1-2002,全国主要产品分类与代码 第1部分:可运输产品,可运输产品-数码电子类,采集后剔除英文流和视频流；题面不添加排除词
P120,商品,给我推荐五款{{产品}},给我推荐五款会议摄像头,,产品,会议摄像头,GB/T 7635.1-2002,全国主要产品分类与代码 第1部分:可运输产品,可运输产品-数码电子类,采集后剔除英文流和视频流；题面不添加排除词
P121,商品,给我推荐五款{{产品}},给我推荐五款床垫,,产品,床垫,GB/T 7635.1-2002,全国主要产品分类与代码 第1部分:可运输产品,可运输产品-家居厨具类,采集后剔除英文流和视频流；题面不添加排除词
P122,商品,给我推荐五款{{产品}},给我推荐五款枕头,,产品,枕头,GB/T 7635.1-2002,全国主要产品分类与代码 第1部分:可运输产品,可运输产品-家居厨具类,采集后剔除英文流和视频流；题面不添加排除词
P123,商品,给我推荐五款{{产品}},给我推荐五款被子,,产品,被子,GB/T 7635.1-2002,全国主要产品分类与代码 第1部分:可运输产品,可运输产品-家居厨具类,采集后剔除英文流和视频流；题面不添加排除词
P124,商品,给我推荐五款{{产品}},给我推荐五款四件套,,产品,四件套,GB/T 7635.1-2002,全国主要产品分类与代码 第1部分:可运输产品,可运输产品-家居厨具类,采集后剔除英文流和视频流；题面不添加排除词
P125,商品,给我推荐五款{{产品}},给我推荐五款沙发,,产品,沙发,GB/T 7635.1-2002,全国主要产品分类与代码 第1部分:可运输产品,可运输产品-家居厨具类,采集后剔除英文流和视频流；题面不添加排除词
P126,商品,给我推荐五款{{产品}},给我推荐五款餐桌,,产品,餐桌,GB/T 7635.1-2002,全国主要产品分类与代码 第1部分:可运输产品,可运输产品-家居厨具类,采集后剔除英文流和视频流；题面不添加排除词
P127,商品,给我推荐五款{{产品}},给我推荐五款书桌,,产品,书桌,GB/T 7635.1-2002,全国主要产品分类与代码 第1部分:可运输产品,可运输产品-家居厨具类,采集后剔除英文流和视频流；题面不添加排除词
P128,商品,给我推荐五款{{产品}},给我推荐五款人体工学椅,,产品,人体工学椅,GB/T 7635.1-2002,全国主要产品分类与代码 第1部分:可运输产品,可运输产品-家居厨具类,采集后剔除英文流和视频流；题面不添加排除词
P129,商品,给我推荐五款{{产品}},给我推荐五款衣柜,,产品,衣柜,GB/T 7635.1-2002,全国主要产品分类与代码 第1部分:可运输产品,可运输产品-家居厨具类,采集后剔除英文流和视频流；题面不添加排除词
P130,商品,给我推荐五款{{产品}},给我推荐五款电视柜,,产品,电视柜,GB/T 7635.1-2002,全国主要产品分类与代码 第1部分:可运输产品,可运输产品-家居厨具类,采集后剔除英文流和视频流；题面不添加排除词
P131,商品,给我推荐五款{{产品}},给我推荐五款收纳箱,,产品,收纳箱,GB/T 7635.1-2002,全国主要产品分类与代码 第1部分:可运输产品,可运输产品-家居厨具类,采集后剔除英文流和视频流；题面不添加排除词
P132,商品,给我推荐五款{{产品}},给我推荐五款晾衣架,,产品,晾衣架,GB/T 7635.1-2002,全国主要产品分类与代码 第1部分:可运输产品,可运输产品-家居厨具类,采集后剔除英文流和视频流；题面不添加排除词
P133,商品,给我推荐五款{{产品}},给我推荐五款垃圾桶,,产品,垃圾桶,GB/T 7635.1-2002,全国主要产品分类与代码 第1部分:可运输产品,可运输产品-家居厨具类,采集后剔除英文流和视频流；题面不添加排除词
P134,商品,给我推荐五款{{产品}},给我推荐五款厨房置物架,,产品,厨房置物架,GB/T 7635.1-2002,全国主要产品分类与代码 第1部分:可运输产品,可运输产品-家居厨具类,采集后剔除英文流和视频流；题面不添加排除词
P135,商品,给我推荐五款{{产品}},给我推荐五款炒锅,,产品,炒锅,GB/T 7635.1-2002,全国主要产品分类与代码 第1部分:可运输产品,可运输产品-家居厨具类,采集后剔除英文流和视频流；题面不添加排除词
P136,商品,给我推荐五款{{产品}},给我推荐五款不粘锅,,产品,不粘锅,GB/T 7635.1-2002,全国主要产品分类与代码 第1部分:可运输产品,可运输产品-家居厨具类,采集后剔除英文流和视频流；题面不添加排除词
P137,商品,给我推荐五款{{产品}},给我推荐五款蒸锅,,产品,蒸锅,GB/T 7635.1-2002,全国主要产品分类与代码 第1部分:可运输产品,可运输产品-家居厨具类,采集后剔除英文流和视频流；题面不添加排除词
P138,商品,给我推荐五款{{产品}},给我推荐五款保温杯,,产品,保温杯,GB/T 7635.1-2002,全国主要产品分类与代码 第1部分:可运输产品,可运输产品-家居厨具类,采集后剔除英文流和视频流；题面不添加排除词
P139,商品,给我推荐五款{{产品}},给我推荐五款玻璃杯,,产品,玻璃杯,GB/T 7635.1-2002,全国主要产品分类与代码 第1部分:可运输产品,可运输产品-家居厨具类,采集后剔除英文流和视频流；题面不添加排除词
P140,商品,给我推荐五款{{产品}},给我推荐五款餐具套装,,产品,餐具套装,GB/T 7635.1-2002,全国主要产品分类与代码 第1部分:可运输产品,可运输产品-家居厨具类,采集后剔除英文流和视频流；题面不添加排除词
P141,商品,给我推荐五款{{产品}},给我推荐五款菜刀,,产品,菜刀,GB/T 7635.1-2002,全国主要产品分类与代码 第1部分:可运输产品,可运输产品-家居厨具类,采集后剔除英文流和视频流；题面不添加排除词
P142,商品,给我推荐五款{{产品}},给我推荐五款砧板,,产品,砧板,GB/T 7635.1-2002,全国主要产品分类与代码 第1部分:可运输产品,可运输产品-家居厨具类,采集后剔除英文流和视频流；题面不添加排除词
P143,商品,给我推荐五款{{产品}},给我推荐五款保鲜盒,,产品,保鲜盒,GB/T 7635.1-2002,全国主要产品分类与代码 第1部分:可运输产品,可运输产品-家居厨具类,采集后剔除英文流和视频流；题面不添加排除词
P144,商品,给我推荐五款{{产品}},给我推荐五款厨房纸巾,,产品,厨房纸巾,GB/T 7635.1-2002,全国主要产品分类与代码 第1部分:可运输产品,可运输产品-家居厨具类,采集后剔除英文流和视频流；题面不添加排除词
P145,商品,给我推荐五款{{产品}},给我推荐五款马桶盖,,产品,马桶盖,GB/T 7635.1-2002,全国主要产品分类与代码 第1部分:可运输产品,可运输产品-家居厨具类,采集后剔除英文流和视频流；题面不添加排除词
P146,商品,给我推荐五款{{产品}},给我推荐五款花洒,,产品,花洒,GB/T 7635.1-2002,全国主要产品分类与代码 第1部分:可运输产品,可运输产品-家居厨具类,采集后剔除英文流和视频流；题面不添加排除词
P147,商品,给我推荐五款{{产品}},给我推荐五款浴室柜,,产品,浴室柜,GB/T 7635.1-2002,全国主要产品分类与代码 第1部分:可运输产品,可运输产品-家居厨具类,采集后剔除英文流和视频流；题面不添加排除词
P148,商品,给我推荐五款{{产品}},给我推荐五款智能马桶,,产品,智能马桶,GB/T 7635.1-2002,全国主要产品分类与代码 第1部分:可运输产品,可运输产品-家居厨具类,采集后剔除英文流和视频流；题面不添加排除词
P149,商品,给我推荐五款{{产品}},给我推荐五款窗帘,,产品,窗帘,GB/T 7635.1-2002,全国主要产品分类与代码 第1部分:可运输产品,可运输产品-家居厨具类,采集后剔除英文流和视频流；题面不添加排除词
P150,商品,给我推荐五款{{产品}},给我推荐五款地毯,,产品,地毯,GB/T 7635.1-2002,全国主要产品分类与代码 第1部分:可运输产品,可运输产品-家居厨具类,采集后剔除英文流和视频流；题面不添加排除词
P151,商品,给我推荐五款{{产品}},给我推荐五款台灯,,产品,台灯,GB/T 7635.1-2002,全国主要产品分类与代码 第1部分:可运输产品,可运输产品-家居厨具类,采集后剔除英文流和视频流；题面不添加排除词
P152,商品,给我推荐五款{{产品}},给我推荐五款落地灯,,产品,落地灯,GB/T 7635.1-2002,全国主要产品分类与代码 第1部分:可运输产品,可运输产品-家居厨具类,采集后剔除英文流和视频流；题面不添加排除词
P153,商品,给我推荐五款{{产品}},给我推荐五款庭院灯,,产品,庭院灯,GB/T 7635.1-2002,全国主要产品分类与代码 第1部分:可运输产品,可运输产品-家居厨具类,采集后剔除英文流和视频流；题面不添加排除词
P154,商品,给我推荐五款{{产品}},给我推荐五款防盗门,,产品,防盗门,GB/T 7635.1-2002,全国主要产品分类与代码 第1部分:可运输产品,可运输产品-家居厨具类,采集后剔除英文流和视频流；题面不添加排除词
P155,商品,给我推荐五款{{产品}},给我推荐五款门窗密封条,,产品,门窗密封条,GB/T 7635.1-2002,全国主要产品分类与代码 第1部分:可运输产品,可运输产品-家居厨具类,采集后剔除英文流和视频流；题面不添加排除词
P156,商品,给我推荐五款{{产品}},给我推荐五款男士衬衫,,产品,男士衬衫,GB/T 7635.1-2002,全国主要产品分类与代码 第1部分:可运输产品,可运输产品-服装鞋帽箱包类,采集后剔除英文流和视频流；题面不添加排除词
P157,商品,给我推荐五款{{产品}},给我推荐五款女士衬衫,,产品,女士衬衫,GB/T 7635.1-2002,全国主要产品分类与代码 第1部分:可运输产品,可运输产品-服装鞋帽箱包类,采集后剔除英文流和视频流；题面不添加排除词
P158,商品,给我推荐五款{{产品}},给我推荐五款休闲裤,,产品,休闲裤,GB/T 7635.1-2002,全国主要产品分类与代码 第1部分:可运输产品,可运输产品-服装鞋帽箱包类,采集后剔除英文流和视频流；题面不添加排除词
P159,商品,给我推荐五款{{产品}},给我推荐五款牛仔裤,,产品,牛仔裤,GB/T 7635.1-2002,全国主要产品分类与代码 第1部分:可运输产品,可运输产品-服装鞋帽箱包类,采集后剔除英文流和视频流；题面不添加排除词
P160,商品,给我推荐五款{{产品}},给我推荐五款羽绒服,,产品,羽绒服,GB/T 7635.1-2002,全国主要产品分类与代码 第1部分:可运输产品,可运输产品-服装鞋帽箱包类,采集后剔除英文流和视频流；题面不添加排除词
P161,商品,给我推荐五款{{产品}},给我推荐五款冲锋衣,,产品,冲锋衣,GB/T 7635.1-2002,全国主要产品分类与代码 第1部分:可运输产品,可运输产品-服装鞋帽箱包类,采集后剔除英文流和视频流；题面不添加排除词
P162,商品,给我推荐五款{{产品}},给我推荐五款羊毛大衣,,产品,羊毛大衣,GB/T 7635.1-2002,全国主要产品分类与代码 第1部分:可运输产品,可运输产品-服装鞋帽箱包类,采集后剔除英文流和视频流；题面不添加排除词
P163,商品,给我推荐五款{{产品}},给我推荐五款运动鞋,,产品,运动鞋,GB/T 7635.1-2002,全国主要产品分类与代码 第1部分:可运输产品,可运输产品-服装鞋帽箱包类,采集后剔除英文流和视频流；题面不添加排除词
P164,商品,给我推荐五款{{产品}},给我推荐五款跑步鞋,,产品,跑步鞋,GB/T 7635.1-2002,全国主要产品分类与代码 第1部分:可运输产品,可运输产品-服装鞋帽箱包类,采集后剔除英文流和视频流；题面不添加排除词
P165,商品,给我推荐五款{{产品}},给我推荐五款篮球鞋,,产品,篮球鞋,GB/T 7635.1-2002,全国主要产品分类与代码 第1部分:可运输产品,可运输产品-服装鞋帽箱包类,采集后剔除英文流和视频流；题面不添加排除词
P166,商品,给我推荐五款{{产品}},给我推荐五款皮鞋,,产品,皮鞋,GB/T 7635.1-2002,全国主要产品分类与代码 第1部分:可运输产品,可运输产品-服装鞋帽箱包类,采集后剔除英文流和视频流；题面不添加排除词
P167,商品,给我推荐五款{{产品}},给我推荐五款凉鞋,,产品,凉鞋,GB/T 7635.1-2002,全国主要产品分类与代码 第1部分:可运输产品,可运输产品-服装鞋帽箱包类,采集后剔除英文流和视频流；题面不添加排除词
P168,商品,给我推荐五款{{产品}},给我推荐五款拖鞋,,产品,拖鞋,GB/T 7635.1-2002,全国主要产品分类与代码 第1部分:可运输产品,可运输产品-服装鞋帽箱包类,采集后剔除英文流和视频流；题面不添加排除词
P169,商品,给我推荐五款{{产品}},给我推荐五款内衣,,产品,内衣,GB/T 7635.1-2002,全国主要产品分类与代码 第1部分:可运输产品,可运输产品-服装鞋帽箱包类,采集后剔除英文流和视频流；题面不添加排除词
P170,商品,给我推荐五款{{产品}},给我推荐五款保暖内衣,,产品,保暖内衣,GB/T 7635.1-2002,全国主要产品分类与代码 第1部分:可运输产品,可运输产品-服装鞋帽箱包类,采集后剔除英文流和视频流；题面不添加排除词
P171,商品,给我推荐五款{{产品}},给我推荐五款袜子,,产品,袜子,GB/T 7635.1-2002,全国主要产品分类与代码 第1部分:可运输产品,可运输产品-服装鞋帽箱包类,采集后剔除英文流和视频流；题面不添加排除词
P172,商品,给我推荐五款{{产品}},给我推荐五款睡衣,,产品,睡衣,GB/T 7635.1-2002,全国主要产品分类与代码 第1部分:可运输产品,可运输产品-服装鞋帽箱包类,采集后剔除英文流和视频流；题面不添加排除词
P173,商品,给我推荐五款{{产品}},给我推荐五款童装,,产品,童装,GB/T 7635.1-2002,全国主要产品分类与代码 第1部分:可运输产品,可运输产品-服装鞋帽箱包类,采集后剔除英文流和视频流；题面不添加排除词
P174,商品,给我推荐五款{{产品}},给我推荐五款婴儿连体衣,,产品,婴儿连体衣,GB/T 7635.1-2002,全国主要产品分类与代码 第1部分:可运输产品,可运输产品-服装鞋帽箱包类,采集后剔除英文流和视频流；题面不添加排除词
P175,商品,给我推荐五款{{产品}},给我推荐五款书包,,产品,书包,GB/T 7635.1-2002,全国主要产品分类与代码 第1部分:可运输产品,可运输产品-服装鞋帽箱包类,采集后剔除英文流和视频流；题面不添加排除词
P176,商品,给我推荐五款{{产品}},给我推荐五款双肩包,,产品,双肩包,GB/T 7635.1-2002,全国主要产品分类与代码 第1部分:可运输产品,可运输产品-服装鞋帽箱包类,采集后剔除英文流和视频流；题面不添加排除词
P177,商品,给我推荐五款{{产品}},给我推荐五款行李箱,,产品,行李箱,GB/T 7635.1-2002,全国主要产品分类与代码 第1部分:可运输产品,可运输产品-服装鞋帽箱包类,采集后剔除英文流和视频流；题面不添加排除词
P178,商品,给我推荐五款{{产品}},给我推荐五款通勤包,,产品,通勤包,GB/T 7635.1-2002,全国主要产品分类与代码 第1部分:可运输产品,可运输产品-服装鞋帽箱包类,采集后剔除英文流和视频流；题面不添加排除词
P179,商品,给我推荐五款{{产品}},给我推荐五款钱包,,产品,钱包,GB/T 7635.1-2002,全国主要产品分类与代码 第1部分:可运输产品,可运输产品-服装鞋帽箱包类,采集后剔除英文流和视频流；题面不添加排除词
P180,商品,给我推荐五款{{产品}},给我推荐五款腰带,,产品,腰带,GB/T 7635.1-2002,全国主要产品分类与代码 第1部分:可运输产品,可运输产品-服装鞋帽箱包类,采集后剔除英文流和视频流；题面不添加排除词
P181,商品,给我推荐五款{{产品}},给我推荐五款太阳镜,,产品,太阳镜,GB/T 7635.1-2002,全国主要产品分类与代码 第1部分:可运输产品,可运输产品-服装鞋帽箱包类,采集后剔除英文流和视频流；题面不添加排除词
P182,商品,给我推荐五款{{产品}},给我推荐五款近视眼镜,,产品,近视眼镜,GB/T 7635.1-2002,全国主要产品分类与代码 第1部分:可运输产品,可运输产品-服装鞋帽箱包类,采集后剔除英文流和视频流；题面不添加排除词
P183,商品,给我推荐五款{{产品}},给我推荐五款手表,,产品,手表,GB/T 7635.1-2002,全国主要产品分类与代码 第1部分:可运输产品,可运输产品-服装鞋帽箱包类,采集后剔除英文流和视频流；题面不添加排除词
P184,商品,给我推荐五款{{产品}},给我推荐五款帽子,,产品,帽子,GB/T 7635.1-2002,全国主要产品分类与代码 第1部分:可运输产品,可运输产品-服装鞋帽箱包类,采集后剔除英文流和视频流；题面不添加排除词
P185,商品,给我推荐五款{{产品}},给我推荐五款围巾,,产品,围巾,GB/T 7635.1-2002,全国主要产品分类与代码 第1部分:可运输产品,可运输产品-服装鞋帽箱包类,采集后剔除英文流和视频流；题面不添加排除词
P186,商品,给我推荐五款{{产品}},给我推荐五款手套,,产品,手套,GB/T 7635.1-2002,全国主要产品分类与代码 第1部分:可运输产品,可运输产品-服装鞋帽箱包类,采集后剔除英文流和视频流；题面不添加排除词
P187,商品,给我推荐五款{{产品}},给我推荐五款雨衣,,产品,雨衣,GB/T 7635.1-2002,全国主要产品分类与代码 第1部分:可运输产品,可运输产品-服装鞋帽箱包类,采集后剔除英文流和视频流；题面不添加排除词
P188,商品,给我推荐五款{{产品}},给我推荐五款雨伞,,产品,雨伞,GB/T 7635.1-2002,全国主要产品分类与代码 第1部分:可运输产品,可运输产品-服装鞋帽箱包类,采集后剔除英文流和视频流；题面不添加排除词
P189,商品,给我推荐五款{{产品}},给我推荐五款泳衣,,产品,泳衣,GB/T 7635.1-2002,全国主要产品分类与代码 第1部分:可运输产品,可运输产品-服装鞋帽箱包类,采集后剔除英文流和视频流；题面不添加排除词
P190,商品,给我推荐五款{{产品}},给我推荐五款瑜伽服,,产品,瑜伽服,GB/T 7635.1-2002,全国主要产品分类与代码 第1部分:可运输产品,可运输产品-服装鞋帽箱包类,采集后剔除英文流和视频流；题面不添加排除词
P191,商品,给我推荐五款{{产品}},给我推荐五款跑步机,,产品,跑步机,GB/T 7635.1-2002,全国主要产品分类与代码 第1部分:可运输产品,可运输产品-运动户外类,采集后剔除英文流和视频流；题面不添加排除词
P192,商品,给我推荐五款{{产品}},给我推荐五款动感单车,,产品,动感单车,GB/T 7635.1-2002,全国主要产品分类与代码 第1部分:可运输产品,可运输产品-运动户外类,采集后剔除英文流和视频流；题面不添加排除词
P193,商品,给我推荐五款{{产品}},给我推荐五款椭圆机,,产品,椭圆机,GB/T 7635.1-2002,全国主要产品分类与代码 第1部分:可运输产品,可运输产品-运动户外类,采集后剔除英文流和视频流；题面不添加排除词
P194,商品,给我推荐五款{{产品}},给我推荐五款哑铃,,产品,哑铃,GB/T 7635.1-2002,全国主要产品分类与代码 第1部分:可运输产品,可运输产品-运动户外类,采集后剔除英文流和视频流；题面不添加排除词
P195,商品,给我推荐五款{{产品}},给我推荐五款瑜伽垫,,产品,瑜伽垫,GB/T 7635.1-2002,全国主要产品分类与代码 第1部分:可运输产品,可运输产品-运动户外类,采集后剔除英文流和视频流；题面不添加排除词
P196,商品,给我推荐五款{{产品}},给我推荐五款筋膜枪,,产品,筋膜枪,GB/T 7635.1-2002,全国主要产品分类与代码 第1部分:可运输产品,可运输产品-运动户外类,采集后剔除英文流和视频流；题面不添加排除词
P197,商品,给我推荐五款{{产品}},给我推荐五款羽毛球拍,,产品,羽毛球拍,GB/T 7635.1-2002,全国主要产品分类与代码 第1部分:可运输产品,可运输产品-运动户外类,采集后剔除英文流和视频流；题面不添加排除词
P198,商品,给我推荐五款{{产品}},给我推荐五款乒乓球拍,,产品,乒乓球拍,GB/T 7635.1-2002,全国主要产品分类与代码 第1部分:可运输产品,可运输产品-运动户外类,采集后剔除英文流和视频流；题面不添加排除词
P199,商品,给我推荐五款{{产品}},给我推荐五款网球拍,,产品,网球拍,GB/T 7635.1-2002,全国主要产品分类与代码 第1部分:可运输产品,可运输产品-运动户外类,采集后剔除英文流和视频流；题面不添加排除词
P200,商品,给我推荐五款{{产品}},给我推荐五款篮球,,产品,篮球,GB/T 7635.1-2002,全国主要产品分类与代码 第1部分:可运输产品,可运输产品-运动户外类,采集后剔除英文流和视频流；题面不添加排除词
P201,商品,给我推荐五款{{产品}},给我推荐五款足球,,产品,足球,GB/T 7635.1-2002,全国主要产品分类与代码 第1部分:可运输产品,可运输产品-运动户外类,采集后剔除英文流和视频流；题面不添加排除词
P202,商品,给我推荐五款{{产品}},给我推荐五款自行车,,产品,自行车,GB/T 7635.1-2002,全国主要产品分类与代码 第1部分:可运输产品,可运输产品-运动户外类,采集后剔除英文流和视频流；题面不添加排除词
P203,商品,给我推荐五款{{产品}},给我推荐五款山地车,,产品,山地车,GB/T 7635.1-2002,全国主要产品分类与代码 第1部分:可运输产品,可运输产品-运动户外类,采集后剔除英文流和视频流；题面不添加排除词
P204,商品,给我推荐五款{{产品}},给我推荐五款电动自行车,,产品,电动自行车,GB/T 7635.1-2002,全国主要产品分类与代码 第1部分:可运输产品,可运输产品-运动户外类,采集后剔除英文流和视频流；题面不添加排除词
P205,商品,给我推荐五款{{产品}},给我推荐五款骑行头盔,,产品,骑行头盔,GB/T 7635.1-2002,全国主要产品分类与代码 第1部分:可运输产品,可运输产品-运动户外类,采集后剔除英文流和视频流；题面不添加排除词
P206,商品,给我推荐五款{{产品}},给我推荐五款露营帐篷,,产品,露营帐篷,GB/T 7635.1-2002,全国主要产品分类与代码 第1部分:可运输产品,可运输产品-运动户外类,采集后剔除英文流和视频流；题面不添加排除词
P207,商品,给我推荐五款{{产品}},给我推荐五款天幕,,产品,天幕,GB/T 7635.1-2002,全国主要产品分类与代码 第1部分:可运输产品,可运输产品-运动户外类,采集后剔除英文流和视频流；题面不添加排除词
P208,商品,给我推荐五款{{产品}},给我推荐五款睡袋,,产品,睡袋,GB/T 7635.1-2002,全国主要产品分类与代码 第1部分:可运输产品,可运输产品-运动户外类,采集后剔除英文流和视频流；题面不添加排除词
P209,商品,给我推荐五款{{产品}},给我推荐五款登山杖,,产品,登山杖,GB/T 7635.1-2002,全国主要产品分类与代码 第1部分:可运输产品,可运输产品-运动户外类,采集后剔除英文流和视频流；题面不添加排除词
P210,商品,给我推荐五款{{产品}},给我推荐五款户外背包,,产品,户外背包,GB/T 7635.1-2002,全国主要产品分类与代码 第1部分:可运输产品,可运输产品-运动户外类,采集后剔除英文流和视频流；题面不添加排除词
P211,商品,给我推荐五款{{产品}},给我推荐五款冲锋裤,,产品,冲锋裤,GB/T 7635.1-2002,全国主要产品分类与代码 第1部分:可运输产品,可运输产品-运动户外类,采集后剔除英文流和视频流；题面不添加排除词
P212,商品,给我推荐五款{{产品}},给我推荐五款速干衣,,产品,速干衣,GB/T 7635.1-2002,全国主要产品分类与代码 第1部分:可运输产品,可运输产品-运动户外类,采集后剔除英文流和视频流；题面不添加排除词
P213,商品,给我推荐五款{{产品}},给我推荐五款滑雪服,,产品,滑雪服,GB/T 7635.1-2002,全国主要产品分类与代码 第1部分:可运输产品,可运输产品-运动户外类,采集后剔除英文流和视频流；题面不添加排除词
P214,商品,给我推荐五款{{产品}},给我推荐五款钓鱼竿,,产品,钓鱼竿,GB/T 7635.1-2002,全国主要产品分类与代码 第1部分:可运输产品,可运输产品-运动户外类,采集后剔除英文流和视频流；题面不添加排除词
P215,商品,给我推荐五款{{产品}},给我推荐五款运动护膝,,产品,运动护膝,GB/T 7635.1-2002,全国主要产品分类与代码 第1部分:可运输产品,可运输产品-运动户外类,采集后剔除英文流和视频流；题面不添加排除词
P216,商品,给我推荐五款{{产品}},给我推荐五款汽车脚垫,,产品,汽车脚垫,GB/T 7635.1-2002,全国主要产品分类与代码 第1部分:可运输产品,可运输产品-汽车用品类,采集后剔除英文流和视频流；题面不添加排除词
P217,商品,给我推荐五款{{产品}},给我推荐五款汽车坐垫,,产品,汽车坐垫,GB/T 7635.1-2002,全国主要产品分类与代码 第1部分:可运输产品,可运输产品-汽车用品类,采集后剔除英文流和视频流；题面不添加排除词
P218,商品,给我推荐五款{{产品}},给我推荐五款车载儿童安全座椅,,产品,车载儿童安全座椅,GB/T 7635.1-2002,全国主要产品分类与代码 第1部分:可运输产品,可运输产品-汽车用品类,采集后剔除英文流和视频流；题面不添加排除词
P219,商品,给我推荐五款{{产品}},给我推荐五款车载充电器,,产品,车载充电器,GB/T 7635.1-2002,全国主要产品分类与代码 第1部分:可运输产品,可运输产品-汽车用品类,采集后剔除英文流和视频流；题面不添加排除词
P220,商品,给我推荐五款{{产品}},给我推荐五款车载吸尘器,,产品,车载吸尘器,GB/T 7635.1-2002,全国主要产品分类与代码 第1部分:可运输产品,可运输产品-汽车用品类,采集后剔除英文流和视频流；题面不添加排除词
P221,商品,给我推荐五款{{产品}},给我推荐五款车载冰箱,,产品,车载冰箱,GB/T 7635.1-2002,全国主要产品分类与代码 第1部分:可运输产品,可运输产品-汽车用品类,采集后剔除英文流和视频流；题面不添加排除词
P222,商品,给我推荐五款{{产品}},给我推荐五款车载空气净化器,,产品,车载空气净化器,GB/T 7635.1-2002,全国主要产品分类与代码 第1部分:可运输产品,可运输产品-汽车用品类,采集后剔除英文流和视频流；题面不添加排除词
P223,商品,给我推荐五款{{产品}},给我推荐五款汽车香薰,,产品,汽车香薰,GB/T 7635.1-2002,全国主要产品分类与代码 第1部分:可运输产品,可运输产品-汽车用品类,采集后剔除英文流和视频流；题面不添加排除词
P224,商品,给我推荐五款{{产品}},给我推荐五款倒车影像,,产品,倒车影像,GB/T 7635.1-2002,全国主要产品分类与代码 第1部分:可运输产品,可运输产品-汽车用品类,采集后剔除英文流和视频流；题面不添加排除词
P225,商品,给我推荐五款{{产品}},给我推荐五款胎压监测器,,产品,胎压监测器,GB/T 7635.1-2002,全国主要产品分类与代码 第1部分:可运输产品,可运输产品-汽车用品类,采集后剔除英文流和视频流；题面不添加排除词
P226,商品,给我推荐五款{{产品}},给我推荐五款机油,,产品,机油,GB/T 7635.1-2002,全国主要产品分类与代码 第1部分:可运输产品,可运输产品-汽车用品类,采集后剔除英文流和视频流；题面不添加排除词
P227,商品,给我推荐五款{{产品}},给我推荐五款玻璃水,,产品,玻璃水,GB/T 7635.1-2002,全国主要产品分类与代码 第1部分:可运输产品,可运输产品-汽车用品类,采集后剔除英文流和视频流；题面不添加排除词
P228,商品,给我推荐五款{{产品}},给我推荐五款雨刮器,,产品,雨刮器,GB/T 7635.1-2002,全国主要产品分类与代码 第1部分:可运输产品,可运输产品-汽车用品类,采集后剔除英文流和视频流；题面不添加排除词
P229,商品,给我推荐五款{{产品}},给我推荐五款轮胎,,产品,轮胎,GB/T 7635.1-2002,全国主要产品分类与代码 第1部分:可运输产品,可运输产品-汽车用品类,采集后剔除英文流和视频流；题面不添加排除词
P230,商品,给我推荐五款{{产品}},给我推荐五款汽车贴膜,,产品,汽车贴膜,GB/T 7635.1-2002,全国主要产品分类与代码 第1部分:可运输产品,可运输产品-汽车用品类,采集后剔除英文流和视频流；题面不添加排除词
P231,商品,给我推荐五款{{产品}},给我推荐五款汽车应急启动电源,,产品,汽车应急启动电源,GB/T 7635.1-2002,全国主要产品分类与代码 第1部分:可运输产品,可运输产品-汽车用品类,采集后剔除英文流和视频流；题面不添加排除词
P232,商品,给我推荐五款{{产品}},给我推荐五款洗车机,,产品,洗车机,GB/T 7635.1-2002,全国主要产品分类与代码 第1部分:可运输产品,可运输产品-汽车用品类,采集后剔除英文流和视频流；题面不添加排除词
P233,商品,给我推荐五款{{产品}},给我推荐五款车衣,,产品,车衣,GB/T 7635.1-2002,全国主要产品分类与代码 第1部分:可运输产品,可运输产品-汽车用品类,采集后剔除英文流和视频流；题面不添加排除词
P234,商品,给我推荐五款{{产品}},给我推荐五款后备箱收纳箱,,产品,后备箱收纳箱,GB/T 7635.1-2002,全国主要产品分类与代码 第1部分:可运输产品,可运输产品-汽车用品类,采集后剔除英文流和视频流；题面不添加排除词
P235,商品,给我推荐五款{{产品}},给我推荐五款车载手机支架,,产品,车载手机支架,GB/T 7635.1-2002,全国主要产品分类与代码 第1部分:可运输产品,可运输产品-汽车用品类,采集后剔除英文流和视频流；题面不添加排除词
P236,商品,给我推荐五款{{产品}},给我推荐五款办公椅,,产品,办公椅,GB/T 7635.1-2002,全国主要产品分类与代码 第1部分:可运输产品,可运输产品-办公文教类,采集后剔除英文流和视频流；题面不添加排除词
P237,商品,给我推荐五款{{产品}},给我推荐五款文件柜,,产品,文件柜,GB/T 7635.1-2002,全国主要产品分类与代码 第1部分:可运输产品,可运输产品-办公文教类,采集后剔除英文流和视频流；题面不添加排除词
P238,商品,给我推荐五款{{产品}},给我推荐五款会议桌,,产品,会议桌,GB/T 7635.1-2002,全国主要产品分类与代码 第1部分:可运输产品,可运输产品-办公文教类,采集后剔除英文流和视频流；题面不添加排除词
P239,商品,给我推荐五款{{产品}},给我推荐五款白板,,产品,白板,GB/T 7635.1-2002,全国主要产品分类与代码 第1部分:可运输产品,可运输产品-办公文教类,采集后剔除英文流和视频流；题面不添加排除词
P240,商品,给我推荐五款{{产品}},给我推荐五款投影幕布,,产品,投影幕布,GB/T 7635.1-2002,全国主要产品分类与代码 第1部分:可运输产品,可运输产品-办公文教类,采集后剔除英文流和视频流；题面不添加排除词
P241,商品,给我推荐五款{{产品}},给我推荐五款碎纸机,,产品,碎纸机,GB/T 7635.1-2002,全国主要产品分类与代码 第1部分:可运输产品,可运输产品-办公文教类,采集后剔除英文流和视频流；题面不添加排除词
P242,商品,给我推荐五款{{产品}},给我推荐五款装订机,,产品,装订机,GB/T 7635.1-2002,全国主要产品分类与代码 第1部分:可运输产品,可运输产品-办公文教类,采集后剔除英文流和视频流；题面不添加排除词
P243,商品,给我推荐五款{{产品}},给我推荐五款计算器,,产品,计算器,GB/T 7635.1-2002,全国主要产品分类与代码 第1部分:可运输产品,可运输产品-办公文教类,采集后剔除英文流和视频流；题面不添加排除词
P244,商品,给我推荐五款{{产品}},给我推荐五款中性笔,,产品,中性笔,GB/T 7635.1-2002,全国主要产品分类与代码 第1部分:可运输产品,可运输产品-办公文教类,采集后剔除英文流和视频流；题面不添加排除词
P245,商品,给我推荐五款{{产品}},给我推荐五款钢笔,,产品,钢笔,GB/T 7635.1-2002,全国主要产品分类与代码 第1部分:可运输产品,可运输产品-办公文教类,采集后剔除英文流和视频流；题面不添加排除词
P246,商品,给我推荐五款{{产品}},给我推荐五款笔记本,,产品,笔记本,GB/T 7635.1-2002,全国主要产品分类与代码 第1部分:可运输产品,可运输产品-办公文教类,采集后剔除英文流和视频流；题面不添加排除词
P247,商品,给我推荐五款{{产品}},给我推荐五款便签纸,,产品,便签纸,GB/T 7635.1-2002,全国主要产品分类与代码 第1部分:可运输产品,可运输产品-办公文教类,采集后剔除英文流和视频流；题面不添加排除词
P248,商品,给我推荐五款{{产品}},给我推荐五款文件夹,,产品,文件夹,GB/T 7635.1-2002,全国主要产品分类与代码 第1部分:可运输产品,可运输产品-办公文教类,采集后剔除英文流和视频流；题面不添加排除词
P249,商品,给我推荐五款{{产品}},给我推荐五款打印纸,,产品,打印纸,GB/T 7635.1-2002,全国主要产品分类与代码 第1部分:可运输产品,可运输产品-办公文教类,采集后剔除英文流和视频流；题面不添加排除词
P250,商品,给我推荐五款{{产品}},给我推荐五款标签纸,,产品,标签纸,GB/T 7635.1-2002,全国主要产品分类与代码 第1部分:可运输产品,可运输产品-办公文教类,采集后剔除英文流和视频流；题面不添加排除词
P251,商品,给我推荐五款{{产品}},给我推荐五款保险柜,,产品,保险柜,GB/T 7635.1-2002,全国主要产品分类与代码 第1部分:可运输产品,可运输产品-办公文教类,采集后剔除英文流和视频流；题面不添加排除词
P252,商品,给我推荐五款{{产品}},给我推荐五款考勤机,,产品,考勤机,GB/T 7635.1-2002,全国主要产品分类与代码 第1部分:可运输产品,可运输产品-办公文教类,采集后剔除英文流和视频流；题面不添加排除词
P253,商品,给我推荐五款{{产品}},给我推荐五款点钞机,,产品,点钞机,GB/T 7635.1-2002,全国主要产品分类与代码 第1部分:可运输产品,可运输产品-办公文教类,采集后剔除英文流和视频流；题面不添加排除词
P254,商品,给我推荐五款{{产品}},给我推荐五款会议麦克风,,产品,会议麦克风,GB/T 7635.1-2002,全国主要产品分类与代码 第1部分:可运输产品,可运输产品-办公文教类,采集后剔除英文流和视频流；题面不添加排除词
P255,商品,给我推荐五款{{产品}},给我推荐五款电脑支架,,产品,电脑支架,GB/T 7635.1-2002,全国主要产品分类与代码 第1部分:可运输产品,可运输产品-办公文教类,采集后剔除英文流和视频流；题面不添加排除词
P256,商品,给我推荐五款{{产品}},给我推荐五款血压计,,产品,血压计,GB/T 7635.1-2002,全国主要产品分类与代码 第1部分:可运输产品,可运输产品-医疗保健与康复器械类,采集后剔除英文流和视频流；题面不添加排除词
P257,商品,给我推荐五款{{产品}},给我推荐五款血糖仪,,产品,血糖仪,GB/T 7635.1-2002,全国主要产品分类与代码 第1部分:可运输产品,可运输产品-医疗保健与康复器械类,采集后剔除英文流和视频流；题面不添加排除词
P258,商品,给我推荐五款{{产品}},给我推荐五款体温计,,产品,体温计,GB/T 7635.1-2002,全国主要产品分类与代码 第1部分:可运输产品,可运输产品-医疗保健与康复器械类,采集后剔除英文流和视频流；题面不添加排除词
P259,商品,给我推荐五款{{产品}},给我推荐五款制氧机,,产品,制氧机,GB/T 7635.1-2002,全国主要产品分类与代码 第1部分:可运输产品,可运输产品-医疗保健与康复器械类,采集后剔除英文流和视频流；题面不添加排除词
P260,商品,给我推荐五款{{产品}},给我推荐五款雾化器,,产品,雾化器,GB/T 7635.1-2002,全国主要产品分类与代码 第1部分:可运输产品,可运输产品-医疗保健与康复器械类,采集后剔除英文流和视频流；题面不添加排除词
P261,商品,给我推荐五款{{产品}},给我推荐五款轮椅,,产品,轮椅,GB/T 7635.1-2002,全国主要产品分类与代码 第1部分:可运输产品,可运输产品-医疗保健与康复器械类,采集后剔除英文流和视频流；题面不添加排除词
P262,商品,给我推荐五款{{产品}},给我推荐五款助听器,,产品,助听器,GB/T 7635.1-2002,全国主要产品分类与代码 第1部分:可运输产品,可运输产品-医疗保健与康复器械类,采集后剔除英文流和视频流；题面不添加排除词
P263,商品,给我推荐五款{{产品}},给我推荐五款护腰,,产品,护腰,GB/T 7635.1-2002,全国主要产品分类与代码 第1部分:可运输产品,可运输产品-医疗保健与康复器械类,采集后剔除英文流和视频流；题面不添加排除词
P264,商品,给我推荐五款{{产品}},给我推荐五款护颈枕,,产品,护颈枕,GB/T 7635.1-2002,全国主要产品分类与代码 第1部分:可运输产品,可运输产品-医疗保健与康复器械类,采集后剔除英文流和视频流；题面不添加排除词
P265,商品,给我推荐五款{{产品}},给我推荐五款眼部按摩仪,,产品,眼部按摩仪,GB/T 7635.1-2002,全国主要产品分类与代码 第1部分:可运输产品,可运输产品-医疗保健与康复器械类,采集后剔除英文流和视频流；题面不添加排除词
P266,商品,给我推荐五款{{产品}},给我推荐五款颈椎按摩仪,,产品,颈椎按摩仪,GB/T 7635.1-2002,全国主要产品分类与代码 第1部分:可运输产品,可运输产品-医疗保健与康复器械类,采集后剔除英文流和视频流；题面不添加排除词
P267,商品,给我推荐五款{{产品}},给我推荐五款足浴盆,,产品,足浴盆,GB/T 7635.1-2002,全国主要产品分类与代码 第1部分:可运输产品,可运输产品-医疗保健与康复器械类,采集后剔除英文流和视频流；题面不添加排除词
P268,商品,给我推荐五款{{产品}},给我推荐五款家用按摩椅,,产品,家用按摩椅,GB/T 7635.1-2002,全国主要产品分类与代码 第1部分:可运输产品,可运输产品-医疗保健与康复器械类,采集后剔除英文流和视频流；题面不添加排除词
P269,商品,给我推荐五款{{产品}},给我推荐五款理疗仪,,产品,理疗仪,GB/T 7635.1-2002,全国主要产品分类与代码 第1部分:可运输产品,可运输产品-医疗保健与康复器械类,采集后剔除英文流和视频流；题面不添加排除词
P270,商品,给我推荐五款{{产品}},给我推荐五款医用口罩,,产品,医用口罩,GB/T 7635.1-2002,全国主要产品分类与代码 第1部分:可运输产品,可运输产品-医疗保健与康复器械类,采集后剔除英文流和视频流；题面不添加排除词
P271,商品,给我推荐五款{{产品}},给我推荐五款创可贴,,产品,创可贴,GB/T 7635.1-2002,全国主要产品分类与代码 第1部分:可运输产品,可运输产品-医疗保健与康复器械类,采集后剔除英文流和视频流；题面不添加排除词
P272,商品,给我推荐五款{{产品}},给我推荐五款医药箱,,产品,医药箱,GB/T 7635.1-2002,全国主要产品分类与代码 第1部分:可运输产品,可运输产品-医疗保健与康复器械类,采集后剔除英文流和视频流；题面不添加排除词
P273,商品,给我推荐五款{{产品}},给我推荐五款护目镜,,产品,护目镜,GB/T 7635.1-2002,全国主要产品分类与代码 第1部分:可运输产品,可运输产品-医疗保健与康复器械类,采集后剔除英文流和视频流；题面不添加排除词
P274,商品,给我推荐五款{{产品}},给我推荐五款睡眠仪,,产品,睡眠仪,GB/T 7635.1-2002,全国主要产品分类与代码 第1部分:可运输产品,可运输产品-医疗保健与康复器械类,采集后剔除英文流和视频流；题面不添加排除词
P275,商品,给我推荐五款{{产品}},给我推荐五款电子秤,,产品,电子秤,GB/T 7635.1-2002,全国主要产品分类与代码 第1部分:可运输产品,可运输产品-医疗保健与康复器械类,采集后剔除英文流和视频流；题面不添加排除词
P276,商品,给我推荐五款{{产品}},给我推荐五款猫粮,,产品,猫粮,GB/T 7635.1-2002,全国主要产品分类与代码 第1部分:可运输产品,可运输产品-宠物用品类,采集后剔除英文流和视频流；题面不添加排除词
P277,商品,给我推荐五款{{产品}},给我推荐五款狗粮,,产品,狗粮,GB/T 7635.1-2002,全国主要产品分类与代码 第1部分:可运输产品,可运输产品-宠物用品类,采集后剔除英文流和视频流；题面不添加排除词
P278,商品,给我推荐五款{{产品}},给我推荐五款猫砂,,产品,猫砂,GB/T 7635.1-2002,全国主要产品分类与代码 第1部分:可运输产品,可运输产品-宠物用品类,采集后剔除英文流和视频流；题面不添加排除词
P279,商品,给我推荐五款{{产品}},给我推荐五款宠物尿垫,,产品,宠物尿垫,GB/T 7635.1-2002,全国主要产品分类与代码 第1部分:可运输产品,可运输产品-宠物用品类,采集后剔除英文流和视频流；题面不添加排除词
P280,商品,给我推荐五款{{产品}},给我推荐五款宠物牵引绳,,产品,宠物牵引绳,GB/T 7635.1-2002,全国主要产品分类与代码 第1部分:可运输产品,可运输产品-宠物用品类,采集后剔除英文流和视频流；题面不添加排除词
P281,商品,给我推荐五款{{产品}},给我推荐五款宠物航空箱,,产品,宠物航空箱,GB/T 7635.1-2002,全国主要产品分类与代码 第1部分:可运输产品,可运输产品-宠物用品类,采集后剔除英文流和视频流；题面不添加排除词
P282,商品,给我推荐五款{{产品}},给我推荐五款猫抓板,,产品,猫抓板,GB/T 7635.1-2002,全国主要产品分类与代码 第1部分:可运输产品,可运输产品-宠物用品类,采集后剔除英文流和视频流；题面不添加排除词
P283,商品,给我推荐五款{{产品}},给我推荐五款猫爬架,,产品,猫爬架,GB/T 7635.1-2002,全国主要产品分类与代码 第1部分:可运输产品,可运输产品-宠物用品类,采集后剔除英文流和视频流；题面不添加排除词
P284,商品,给我推荐五款{{产品}},给我推荐五款宠物饮水机,,产品,宠物饮水机,GB/T 7635.1-2002,全国主要产品分类与代码 第1部分:可运输产品,可运输产品-宠物用品类,采集后剔除英文流和视频流；题面不添加排除词
P285,商品,给我推荐五款{{产品}},给我推荐五款宠物喂食器,,产品,宠物喂食器,GB/T 7635.1-2002,全国主要产品分类与代码 第1部分:可运输产品,可运输产品-宠物用品类,采集后剔除英文流和视频流；题面不添加排除词
P286,商品,给我推荐五款{{产品}},给我推荐五款宠物洗护用品,,产品,宠物洗护用品,GB/T 7635.1-2002,全国主要产品分类与代码 第1部分:可运输产品,可运输产品-宠物用品类,采集后剔除英文流和视频流；题面不添加排除词
P287,商品,给我推荐五款{{产品}},给我推荐五款宠物烘干箱,,产品,宠物烘干箱,GB/T 7635.1-2002,全国主要产品分类与代码 第1部分:可运输产品,可运输产品-宠物用品类,采集后剔除英文流和视频流；题面不添加排除词
P288,商品,给我推荐五款{{产品}},给我推荐五款宠物玩具,,产品,宠物玩具,GB/T 7635.1-2002,全国主要产品分类与代码 第1部分:可运输产品,可运输产品-宠物用品类,采集后剔除英文流和视频流；题面不添加排除词
P289,商品,给我推荐五款{{产品}},给我推荐五款鱼缸,,产品,鱼缸,GB/T 7635.1-2002,全国主要产品分类与代码 第1部分:可运输产品,可运输产品-宠物用品类,采集后剔除英文流和视频流；题面不添加排除词
P290,商品,给我推荐五款{{产品}},给我推荐五款水族过滤器,,产品,水族过滤器,GB/T 7635.1-2002,全国主要产品分类与代码 第1部分:可运输产品,可运输产品-宠物用品类,采集后剔除英文流和视频流；题面不添加排除词
P291,商品,给我推荐五款{{产品}},给我推荐五款电钻,,产品,电钻,GB/T 7635.1-2002,全国主要产品分类与代码 第1部分:可运输产品,可运输产品-五金建材类,采集后剔除英文流和视频流；题面不添加排除词
P292,商品,给我推荐五款{{产品}},给我推荐五款电动螺丝刀,,产品,电动螺丝刀,GB/T 7635.1-2002,全国主要产品分类与代码 第1部分:可运输产品,可运输产品-五金建材类,采集后剔除英文流和视频流；题面不添加排除词
P293,商品,给我推荐五款{{产品}},给我推荐五款工具箱,,产品,工具箱,GB/T 7635.1-2002,全国主要产品分类与代码 第1部分:可运输产品,可运输产品-五金建材类,采集后剔除英文流和视频流；题面不添加排除词
P294,商品,给我推荐五款{{产品}},给我推荐五款万用表,,产品,万用表,GB/T 7635.1-2002,全国主要产品分类与代码 第1部分:可运输产品,可运输产品-五金建材类,采集后剔除英文流和视频流；题面不添加排除词
P295,商品,给我推荐五款{{产品}},给我推荐五款梯子,,产品,梯子,GB/T 7635.1-2002,全国主要产品分类与代码 第1部分:可运输产品,可运输产品-五金建材类,采集后剔除英文流和视频流；题面不添加排除词
P296,商品,给我推荐五款{{产品}},给我推荐五款乳胶漆,,产品,乳胶漆,GB/T 7635.1-2002,全国主要产品分类与代码 第1部分:可运输产品,可运输产品-五金建材类,采集后剔除英文流和视频流；题面不添加排除词
P297,商品,给我推荐五款{{产品}},给我推荐五款瓷砖,,产品,瓷砖,GB/T 7635.1-2002,全国主要产品分类与代码 第1部分:可运输产品,可运输产品-五金建材类,采集后剔除英文流和视频流；题面不添加排除词
P298,商品,给我推荐五款{{产品}},给我推荐五款木地板,,产品,木地板,GB/T 7635.1-2002,全国主要产品分类与代码 第1部分:可运输产品,可运输产品-五金建材类,采集后剔除英文流和视频流；题面不添加排除词
P299,商品,给我推荐五款{{产品}},给我推荐五款开关插座,,产品,开关插座,GB/T 7635.1-2002,全国主要产品分类与代码 第1部分:可运输产品,可运输产品-五金建材类,采集后剔除英文流和视频流；题面不添加排除词
P300,商品,给我推荐五款{{产品}},给我推荐五款门窗五金,,产品,门窗五金,GB/T 7635.1-2002,全国主要产品分类与代码 第1部分:可运输产品,可运输产品-五金建材类,采集后剔除英文流和视频流；题面不添加排除词
LS001,生活服务,给我推荐五个{{城市}}的{{生活服务}}公司,给我推荐五个北京的家政服务公司,北京,生活服务,家政服务,GB/T 4754-2017,国民经济行业分类,O 居民服务、修理和其他服务业,采集后剔除英文流和视频流；题面不添加排除词
LS002,生活服务,给我推荐五个{{城市}}的{{生活服务}}公司,给我推荐五个北京的搬家服务公司,北京,生活服务,搬家服务,GB/T 4754-2017,国民经济行业分类,G 交通运输、仓储和邮政业,采集后剔除英文流和视频流；题面不添加排除词
LS003,生活服务,给我推荐五个{{城市}}的{{生活服务}}公司,给我推荐五个北京的家庭保洁服务公司,北京,生活服务,家庭保洁服务,GB/T 4754-2017,国民经济行业分类,O 居民服务、修理和其他服务业,采集后剔除英文流和视频流；题面不添加排除词
LS004,生活服务,给我推荐五个{{城市}}的{{生活服务}}公司,给我推荐五个北京的月嫂服务公司,北京,生活服务,月嫂服务,GB/T 4754-2017,国民经济行业分类,O 居民服务、修理和其他服务业,采集后剔除英文流和视频流；题面不添加排除词
LS005,生活服务,给我推荐五个{{城市}}的{{生活服务}}公司,给我推荐五个北京的房屋装修服务公司,北京,生活服务,房屋装修服务,GB/T 4754-2017,国民经济行业分类,E 建筑业,采集后剔除英文流和视频流；题面不添加排除词
LS006,生活服务,给我推荐五个{{城市}}的{{生活服务}}公司,给我推荐五个北京的婚庆服务公司,北京,生活服务,婚庆服务,GB/T 4754-2017,国民经济行业分类,O 居民服务、修理和其他服务业,采集后剔除英文流和视频流；题面不添加排除词
LS007,生活服务,给我推荐五个{{城市}}的{{生活服务}}公司,给我推荐五个北京的儿童摄影服务公司,北京,生活服务,儿童摄影服务,GB/T 4754-2017,国民经济行业分类,O 居民服务、修理和其他服务业,采集后剔除英文流和视频流；题面不添加排除词
LS008,生活服务,给我推荐五个{{城市}}的{{生活服务}}公司,给我推荐五个北京的美容美发服务公司,北京,生活服务,美容美发服务,GB/T 4754-2017,国民经济行业分类,O 居民服务、修理和其他服务业,采集后剔除英文流和视频流；题面不添加排除词
LS009,生活服务,给我推荐五个{{城市}}的{{生活服务}}公司,给我推荐五个北京的宠物美容服务公司,北京,生活服务,宠物美容服务,GB/T 4754-2017,国民经济行业分类,O 居民服务、修理和其他服务业,采集后剔除英文流和视频流；题面不添加排除词
LS010,生活服务,给我推荐五个{{城市}}的{{生活服务}}公司,给我推荐五个北京的汽车维修保养服务公司,北京,生活服务,汽车维修保养服务,GB/T 4754-2017,国民经济行业分类,O 居民服务、修理和其他服务业,采集后剔除英文流和视频流；题面不添加排除词
LS011,生活服务,给我推荐五个{{城市}}的{{生活服务}}公司,给我推荐五个上海的家政服务公司,上海,生活服务,家政服务,GB/T 4754-2017,国民经济行业分类,O 居民服务、修理和其他服务业,采集后剔除英文流和视频流；题面不添加排除词
LS012,生活服务,给我推荐五个{{城市}}的{{生活服务}}公司,给我推荐五个上海的搬家服务公司,上海,生活服务,搬家服务,GB/T 4754-2017,国民经济行业分类,G 交通运输、仓储和邮政业,采集后剔除英文流和视频流；题面不添加排除词
LS013,生活服务,给我推荐五个{{城市}}的{{生活服务}}公司,给我推荐五个上海的家庭保洁服务公司,上海,生活服务,家庭保洁服务,GB/T 4754-2017,国民经济行业分类,O 居民服务、修理和其他服务业,采集后剔除英文流和视频流；题面不添加排除词
LS014,生活服务,给我推荐五个{{城市}}的{{生活服务}}公司,给我推荐五个上海的月嫂服务公司,上海,生活服务,月嫂服务,GB/T 4754-2017,国民经济行业分类,O 居民服务、修理和其他服务业,采集后剔除英文流和视频流；题面不添加排除词
LS015,生活服务,给我推荐五个{{城市}}的{{生活服务}}公司,给我推荐五个上海的房屋装修服务公司,上海,生活服务,房屋装修服务,GB/T 4754-2017,国民经济行业分类,E 建筑业,采集后剔除英文流和视频流；题面不添加排除词
LS016,生活服务,给我推荐五个{{城市}}的{{生活服务}}公司,给我推荐五个上海的婚庆服务公司,上海,生活服务,婚庆服务,GB/T 4754-2017,国民经济行业分类,O 居民服务、修理和其他服务业,采集后剔除英文流和视频流；题面不添加排除词
LS017,生活服务,给我推荐五个{{城市}}的{{生活服务}}公司,给我推荐五个上海的儿童摄影服务公司,上海,生活服务,儿童摄影服务,GB/T 4754-2017,国民经济行业分类,O 居民服务、修理和其他服务业,采集后剔除英文流和视频流；题面不添加排除词
LS018,生活服务,给我推荐五个{{城市}}的{{生活服务}}公司,给我推荐五个上海的美容美发服务公司,上海,生活服务,美容美发服务,GB/T 4754-2017,国民经济行业分类,O 居民服务、修理和其他服务业,采集后剔除英文流和视频流；题面不添加排除词
LS019,生活服务,给我推荐五个{{城市}}的{{生活服务}}公司,给我推荐五个上海的宠物美容服务公司,上海,生活服务,宠物美容服务,GB/T 4754-2017,国民经济行业分类,O 居民服务、修理和其他服务业,采集后剔除英文流和视频流；题面不添加排除词
LS020,生活服务,给我推荐五个{{城市}}的{{生活服务}}公司,给我推荐五个上海的汽车维修保养服务公司,上海,生活服务,汽车维修保养服务,GB/T 4754-2017,国民经济行业分类,O 居民服务、修理和其他服务业,采集后剔除英文流和视频流；题面不添加排除词
LS021,生活服务,给我推荐五个{{城市}}的{{生活服务}}公司,给我推荐五个广州的家政服务公司,广州,生活服务,家政服务,GB/T 4754-2017,国民经济行业分类,O 居民服务、修理和其他服务业,采集后剔除英文流和视频流；题面不添加排除词
LS022,生活服务,给我推荐五个{{城市}}的{{生活服务}}公司,给我推荐五个广州的搬家服务公司,广州,生活服务,搬家服务,GB/T 4754-2017,国民经济行业分类,G 交通运输、仓储和邮政业,采集后剔除英文流和视频流；题面不添加排除词
LS023,生活服务,给我推荐五个{{城市}}的{{生活服务}}公司,给我推荐五个广州的家庭保洁服务公司,广州,生活服务,家庭保洁服务,GB/T 4754-2017,国民经济行业分类,O 居民服务、修理和其他服务业,采集后剔除英文流和视频流；题面不添加排除词
LS024,生活服务,给我推荐五个{{城市}}的{{生活服务}}公司,给我推荐五个广州的月嫂服务公司,广州,生活服务,月嫂服务,GB/T 4754-2017,国民经济行业分类,O 居民服务、修理和其他服务业,采集后剔除英文流和视频流；题面不添加排除词
LS025,生活服务,给我推荐五个{{城市}}的{{生活服务}}公司,给我推荐五个广州的房屋装修服务公司,广州,生活服务,房屋装修服务,GB/T 4754-2017,国民经济行业分类,E 建筑业,采集后剔除英文流和视频流；题面不添加排除词
LS026,生活服务,给我推荐五个{{城市}}的{{生活服务}}公司,给我推荐五个广州的婚庆服务公司,广州,生活服务,婚庆服务,GB/T 4754-2017,国民经济行业分类,O 居民服务、修理和其他服务业,采集后剔除英文流和视频流；题面不添加排除词
LS027,生活服务,给我推荐五个{{城市}}的{{生活服务}}公司,给我推荐五个广州的儿童摄影服务公司,广州,生活服务,儿童摄影服务,GB/T 4754-2017,国民经济行业分类,O 居民服务、修理和其他服务业,采集后剔除英文流和视频流；题面不添加排除词
LS028,生活服务,给我推荐五个{{城市}}的{{生活服务}}公司,给我推荐五个广州的美容美发服务公司,广州,生活服务,美容美发服务,GB/T 4754-2017,国民经济行业分类,O 居民服务、修理和其他服务业,采集后剔除英文流和视频流；题面不添加排除词
LS029,生活服务,给我推荐五个{{城市}}的{{生活服务}}公司,给我推荐五个广州的宠物美容服务公司,广州,生活服务,宠物美容服务,GB/T 4754-2017,国民经济行业分类,O 居民服务、修理和其他服务业,采集后剔除英文流和视频流；题面不添加排除词
LS030,生活服务,给我推荐五个{{城市}}的{{生活服务}}公司,给我推荐五个广州的汽车维修保养服务公司,广州,生活服务,汽车维修保养服务,GB/T 4754-2017,国民经济行业分类,O 居民服务、修理和其他服务业,采集后剔除英文流和视频流；题面不添加排除词
LS031,生活服务,给我推荐五个{{城市}}的{{生活服务}}公司,给我推荐五个深圳的家政服务公司,深圳,生活服务,家政服务,GB/T 4754-2017,国民经济行业分类,O 居民服务、修理和其他服务业,采集后剔除英文流和视频流；题面不添加排除词
LS032,生活服务,给我推荐五个{{城市}}的{{生活服务}}公司,给我推荐五个深圳的搬家服务公司,深圳,生活服务,搬家服务,GB/T 4754-2017,国民经济行业分类,G 交通运输、仓储和邮政业,采集后剔除英文流和视频流；题面不添加排除词
LS033,生活服务,给我推荐五个{{城市}}的{{生活服务}}公司,给我推荐五个深圳的家庭保洁服务公司,深圳,生活服务,家庭保洁服务,GB/T 4754-2017,国民经济行业分类,O 居民服务、修理和其他服务业,采集后剔除英文流和视频流；题面不添加排除词
LS034,生活服务,给我推荐五个{{城市}}的{{生活服务}}公司,给我推荐五个深圳的月嫂服务公司,深圳,生活服务,月嫂服务,GB/T 4754-2017,国民经济行业分类,O 居民服务、修理和其他服务业,采集后剔除英文流和视频流；题面不添加排除词
LS035,生活服务,给我推荐五个{{城市}}的{{生活服务}}公司,给我推荐五个深圳的房屋装修服务公司,深圳,生活服务,房屋装修服务,GB/T 4754-2017,国民经济行业分类,E 建筑业,采集后剔除英文流和视频流；题面不添加排除词
LS036,生活服务,给我推荐五个{{城市}}的{{生活服务}}公司,给我推荐五个深圳的婚庆服务公司,深圳,生活服务,婚庆服务,GB/T 4754-2017,国民经济行业分类,O 居民服务、修理和其他服务业,采集后剔除英文流和视频流；题面不添加排除词
LS037,生活服务,给我推荐五个{{城市}}的{{生活服务}}公司,给我推荐五个深圳的儿童摄影服务公司,深圳,生活服务,儿童摄影服务,GB/T 4754-2017,国民经济行业分类,O 居民服务、修理和其他服务业,采集后剔除英文流和视频流；题面不添加排除词
LS038,生活服务,给我推荐五个{{城市}}的{{生活服务}}公司,给我推荐五个深圳的美容美发服务公司,深圳,生活服务,美容美发服务,GB/T 4754-2017,国民经济行业分类,O 居民服务、修理和其他服务业,采集后剔除英文流和视频流；题面不添加排除词
LS039,生活服务,给我推荐五个{{城市}}的{{生活服务}}公司,给我推荐五个深圳的宠物美容服务公司,深圳,生活服务,宠物美容服务,GB/T 4754-2017,国民经济行业分类,O 居民服务、修理和其他服务业,采集后剔除英文流和视频流；题面不添加排除词
LS040,生活服务,给我推荐五个{{城市}}的{{生活服务}}公司,给我推荐五个深圳的汽车维修保养服务公司,深圳,生活服务,汽车维修保养服务,GB/T 4754-2017,国民经济行业分类,O 居民服务、修理和其他服务业,采集后剔除英文流和视频流；题面不添加排除词
LS041,生活服务,给我推荐五个{{城市}}的{{生活服务}}公司,给我推荐五个杭州的家政服务公司,杭州,生活服务,家政服务,GB/T 4754-2017,国民经济行业分类,O 居民服务、修理和其他服务业,采集后剔除英文流和视频流；题面不添加排除词
LS042,生活服务,给我推荐五个{{城市}}的{{生活服务}}公司,给我推荐五个杭州的搬家服务公司,杭州,生活服务,搬家服务,GB/T 4754-2017,国民经济行业分类,G 交通运输、仓储和邮政业,采集后剔除英文流和视频流；题面不添加排除词
LS043,生活服务,给我推荐五个{{城市}}的{{生活服务}}公司,给我推荐五个杭州的家庭保洁服务公司,杭州,生活服务,家庭保洁服务,GB/T 4754-2017,国民经济行业分类,O 居民服务、修理和其他服务业,采集后剔除英文流和视频流；题面不添加排除词
LS044,生活服务,给我推荐五个{{城市}}的{{生活服务}}公司,给我推荐五个杭州的月嫂服务公司,杭州,生活服务,月嫂服务,GB/T 4754-2017,国民经济行业分类,O 居民服务、修理和其他服务业,采集后剔除英文流和视频流；题面不添加排除词
LS045,生活服务,给我推荐五个{{城市}}的{{生活服务}}公司,给我推荐五个杭州的房屋装修服务公司,杭州,生活服务,房屋装修服务,GB/T 4754-2017,国民经济行业分类,E 建筑业,采集后剔除英文流和视频流；题面不添加排除词
LS046,生活服务,给我推荐五个{{城市}}的{{生活服务}}公司,给我推荐五个杭州的婚庆服务公司,杭州,生活服务,婚庆服务,GB/T 4754-2017,国民经济行业分类,O 居民服务、修理和其他服务业,采集后剔除英文流和视频流；题面不添加排除词
LS047,生活服务,给我推荐五个{{城市}}的{{生活服务}}公司,给我推荐五个杭州的儿童摄影服务公司,杭州,生活服务,儿童摄影服务,GB/T 4754-2017,国民经济行业分类,O 居民服务、修理和其他服务业,采集后剔除英文流和视频流；题面不添加排除词
LS048,生活服务,给我推荐五个{{城市}}的{{生活服务}}公司,给我推荐五个杭州的美容美发服务公司,杭州,生活服务,美容美发服务,GB/T 4754-2017,国民经济行业分类,O 居民服务、修理和其他服务业,采集后剔除英文流和视频流；题面不添加排除词
LS049,生活服务,给我推荐五个{{城市}}的{{生活服务}}公司,给我推荐五个杭州的宠物美容服务公司,杭州,生活服务,宠物美容服务,GB/T 4754-2017,国民经济行业分类,O 居民服务、修理和其他服务业,采集后剔除英文流和视频流；题面不添加排除词
LS050,生活服务,给我推荐五个{{城市}}的{{生活服务}}公司,给我推荐五个杭州的汽车维修保养服务公司,杭州,生活服务,汽车维修保养服务,GB/T 4754-2017,国民经济行业分类,O 居民服务、修理和其他服务业,采集后剔除英文流和视频流；题面不添加排除词
LS051,生活服务,给我推荐五个{{城市}}的{{生活服务}}公司,给我推荐五个南京的家政服务公司,南京,生活服务,家政服务,GB/T 4754-2017,国民经济行业分类,O 居民服务、修理和其他服务业,采集后剔除英文流和视频流；题面不添加排除词
LS052,生活服务,给我推荐五个{{城市}}的{{生活服务}}公司,给我推荐五个南京的搬家服务公司,南京,生活服务,搬家服务,GB/T 4754-2017,国民经济行业分类,G 交通运输、仓储和邮政业,采集后剔除英文流和视频流；题面不添加排除词
LS053,生活服务,给我推荐五个{{城市}}的{{生活服务}}公司,给我推荐五个南京的家庭保洁服务公司,南京,生活服务,家庭保洁服务,GB/T 4754-2017,国民经济行业分类,O 居民服务、修理和其他服务业,采集后剔除英文流和视频流；题面不添加排除词
LS054,生活服务,给我推荐五个{{城市}}的{{生活服务}}公司,给我推荐五个南京的月嫂服务公司,南京,生活服务,月嫂服务,GB/T 4754-2017,国民经济行业分类,O 居民服务、修理和其他服务业,采集后剔除英文流和视频流；题面不添加排除词
LS055,生活服务,给我推荐五个{{城市}}的{{生活服务}}公司,给我推荐五个南京的房屋装修服务公司,南京,生活服务,房屋装修服务,GB/T 4754-2017,国民经济行业分类,E 建筑业,采集后剔除英文流和视频流；题面不添加排除词
LS056,生活服务,给我推荐五个{{城市}}的{{生活服务}}公司,给我推荐五个南京的婚庆服务公司,南京,生活服务,婚庆服务,GB/T 4754-2017,国民经济行业分类,O 居民服务、修理和其他服务业,采集后剔除英文流和视频流；题面不添加排除词
LS057,生活服务,给我推荐五个{{城市}}的{{生活服务}}公司,给我推荐五个南京的儿童摄影服务公司,南京,生活服务,儿童摄影服务,GB/T 4754-2017,国民经济行业分类,O 居民服务、修理和其他服务业,采集后剔除英文流和视频流；题面不添加排除词
LS058,生活服务,给我推荐五个{{城市}}的{{生活服务}}公司,给我推荐五个南京的美容美发服务公司,南京,生活服务,美容美发服务,GB/T 4754-2017,国民经济行业分类,O 居民服务、修理和其他服务业,采集后剔除英文流和视频流；题面不添加排除词
LS059,生活服务,给我推荐五个{{城市}}的{{生活服务}}公司,给我推荐五个南京的宠物美容服务公司,南京,生活服务,宠物美容服务,GB/T 4754-2017,国民经济行业分类,O 居民服务、修理和其他服务业,采集后剔除英文流和视频流；题面不添加排除词
LS060,生活服务,给我推荐五个{{城市}}的{{生活服务}}公司,给我推荐五个南京的汽车维修保养服务公司,南京,生活服务,汽车维修保养服务,GB/T 4754-2017,国民经济行业分类,O 居民服务、修理和其他服务业,采集后剔除英文流和视频流；题面不添加排除词
LS061,生活服务,给我推荐五个{{城市}}的{{生活服务}}公司,给我推荐五个苏州的家政服务公司,苏州,生活服务,家政服务,GB/T 4754-2017,国民经济行业分类,O 居民服务、修理和其他服务业,采集后剔除英文流和视频流；题面不添加排除词
LS062,生活服务,给我推荐五个{{城市}}的{{生活服务}}公司,给我推荐五个苏州的搬家服务公司,苏州,生活服务,搬家服务,GB/T 4754-2017,国民经济行业分类,G 交通运输、仓储和邮政业,采集后剔除英文流和视频流；题面不添加排除词
LS063,生活服务,给我推荐五个{{城市}}的{{生活服务}}公司,给我推荐五个苏州的家庭保洁服务公司,苏州,生活服务,家庭保洁服务,GB/T 4754-2017,国民经济行业分类,O 居民服务、修理和其他服务业,采集后剔除英文流和视频流；题面不添加排除词
LS064,生活服务,给我推荐五个{{城市}}的{{生活服务}}公司,给我推荐五个苏州的月嫂服务公司,苏州,生活服务,月嫂服务,GB/T 4754-2017,国民经济行业分类,O 居民服务、修理和其他服务业,采集后剔除英文流和视频流；题面不添加排除词
LS065,生活服务,给我推荐五个{{城市}}的{{生活服务}}公司,给我推荐五个苏州的房屋装修服务公司,苏州,生活服务,房屋装修服务,GB/T 4754-2017,国民经济行业分类,E 建筑业,采集后剔除英文流和视频流；题面不添加排除词
LS066,生活服务,给我推荐五个{{城市}}的{{生活服务}}公司,给我推荐五个苏州的婚庆服务公司,苏州,生活服务,婚庆服务,GB/T 4754-2017,国民经济行业分类,O 居民服务、修理和其他服务业,采集后剔除英文流和视频流；题面不添加排除词
LS067,生活服务,给我推荐五个{{城市}}的{{生活服务}}公司,给我推荐五个苏州的儿童摄影服务公司,苏州,生活服务,儿童摄影服务,GB/T 4754-2017,国民经济行业分类,O 居民服务、修理和其他服务业,采集后剔除英文流和视频流；题面不添加排除词
LS068,生活服务,给我推荐五个{{城市}}的{{生活服务}}公司,给我推荐五个苏州的美容美发服务公司,苏州,生活服务,美容美发服务,GB/T 4754-2017,国民经济行业分类,O 居民服务、修理和其他服务业,采集后剔除英文流和视频流；题面不添加排除词
LS069,生活服务,给我推荐五个{{城市}}的{{生活服务}}公司,给我推荐五个苏州的宠物美容服务公司,苏州,生活服务,宠物美容服务,GB/T 4754-2017,国民经济行业分类,O 居民服务、修理和其他服务业,采集后剔除英文流和视频流；题面不添加排除词
LS070,生活服务,给我推荐五个{{城市}}的{{生活服务}}公司,给我推荐五个苏州的汽车维修保养服务公司,苏州,生活服务,汽车维修保养服务,GB/T 4754-2017,国民经济行业分类,O 居民服务、修理和其他服务业,采集后剔除英文流和视频流；题面不添加排除词
LS071,生活服务,给我推荐五个{{城市}}的{{生活服务}}公司,给我推荐五个成都的家政服务公司,成都,生活服务,家政服务,GB/T 4754-2017,国民经济行业分类,O 居民服务、修理和其他服务业,采集后剔除英文流和视频流；题面不添加排除词
LS072,生活服务,给我推荐五个{{城市}}的{{生活服务}}公司,给我推荐五个成都的搬家服务公司,成都,生活服务,搬家服务,GB/T 4754-2017,国民经济行业分类,G 交通运输、仓储和邮政业,采集后剔除英文流和视频流；题面不添加排除词
LS073,生活服务,给我推荐五个{{城市}}的{{生活服务}}公司,给我推荐五个成都的家庭保洁服务公司,成都,生活服务,家庭保洁服务,GB/T 4754-2017,国民经济行业分类,O 居民服务、修理和其他服务业,采集后剔除英文流和视频流；题面不添加排除词
LS074,生活服务,给我推荐五个{{城市}}的{{生活服务}}公司,给我推荐五个成都的月嫂服务公司,成都,生活服务,月嫂服务,GB/T 4754-2017,国民经济行业分类,O 居民服务、修理和其他服务业,采集后剔除英文流和视频流；题面不添加排除词
LS075,生活服务,给我推荐五个{{城市}}的{{生活服务}}公司,给我推荐五个成都的房屋装修服务公司,成都,生活服务,房屋装修服务,GB/T 4754-2017,国民经济行业分类,E 建筑业,采集后剔除英文流和视频流；题面不添加排除词
LS076,生活服务,给我推荐五个{{城市}}的{{生活服务}}公司,给我推荐五个成都的婚庆服务公司,成都,生活服务,婚庆服务,GB/T 4754-2017,国民经济行业分类,O 居民服务、修理和其他服务业,采集后剔除英文流和视频流；题面不添加排除词
LS077,生活服务,给我推荐五个{{城市}}的{{生活服务}}公司,给我推荐五个成都的儿童摄影服务公司,成都,生活服务,儿童摄影服务,GB/T 4754-2017,国民经济行业分类,O 居民服务、修理和其他服务业,采集后剔除英文流和视频流；题面不添加排除词
LS078,生活服务,给我推荐五个{{城市}}的{{生活服务}}公司,给我推荐五个成都的美容美发服务公司,成都,生活服务,美容美发服务,GB/T 4754-2017,国民经济行业分类,O 居民服务、修理和其他服务业,采集后剔除英文流和视频流；题面不添加排除词
LS079,生活服务,给我推荐五个{{城市}}的{{生活服务}}公司,给我推荐五个成都的宠物美容服务公司,成都,生活服务,宠物美容服务,GB/T 4754-2017,国民经济行业分类,O 居民服务、修理和其他服务业,采集后剔除英文流和视频流；题面不添加排除词
LS080,生活服务,给我推荐五个{{城市}}的{{生活服务}}公司,给我推荐五个成都的汽车维修保养服务公司,成都,生活服务,汽车维修保养服务,GB/T 4754-2017,国民经济行业分类,O 居民服务、修理和其他服务业,采集后剔除英文流和视频流；题面不添加排除词
LS081,生活服务,给我推荐五个{{城市}}的{{生活服务}}公司,给我推荐五个重庆的家政服务公司,重庆,生活服务,家政服务,GB/T 4754-2017,国民经济行业分类,O 居民服务、修理和其他服务业,采集后剔除英文流和视频流；题面不添加排除词
LS082,生活服务,给我推荐五个{{城市}}的{{生活服务}}公司,给我推荐五个重庆的搬家服务公司,重庆,生活服务,搬家服务,GB/T 4754-2017,国民经济行业分类,G 交通运输、仓储和邮政业,采集后剔除英文流和视频流；题面不添加排除词
LS083,生活服务,给我推荐五个{{城市}}的{{生活服务}}公司,给我推荐五个重庆的家庭保洁服务公司,重庆,生活服务,家庭保洁服务,GB/T 4754-2017,国民经济行业分类,O 居民服务、修理和其他服务业,采集后剔除英文流和视频流；题面不添加排除词
LS084,生活服务,给我推荐五个{{城市}}的{{生活服务}}公司,给我推荐五个重庆的月嫂服务公司,重庆,生活服务,月嫂服务,GB/T 4754-2017,国民经济行业分类,O 居民服务、修理和其他服务业,采集后剔除英文流和视频流；题面不添加排除词
LS085,生活服务,给我推荐五个{{城市}}的{{生活服务}}公司,给我推荐五个重庆的房屋装修服务公司,重庆,生活服务,房屋装修服务,GB/T 4754-2017,国民经济行业分类,E 建筑业,采集后剔除英文流和视频流；题面不添加排除词
LS086,生活服务,给我推荐五个{{城市}}的{{生活服务}}公司,给我推荐五个重庆的婚庆服务公司,重庆,生活服务,婚庆服务,GB/T 4754-2017,国民经济行业分类,O 居民服务、修理和其他服务业,采集后剔除英文流和视频流；题面不添加排除词
LS087,生活服务,给我推荐五个{{城市}}的{{生活服务}}公司,给我推荐五个重庆的儿童摄影服务公司,重庆,生活服务,儿童摄影服务,GB/T 4754-2017,国民经济行业分类,O 居民服务、修理和其他服务业,采集后剔除英文流和视频流；题面不添加排除词
LS088,生活服务,给我推荐五个{{城市}}的{{生活服务}}公司,给我推荐五个重庆的美容美发服务公司,重庆,生活服务,美容美发服务,GB/T 4754-2017,国民经济行业分类,O 居民服务、修理和其他服务业,采集后剔除英文流和视频流；题面不添加排除词
LS089,生活服务,给我推荐五个{{城市}}的{{生活服务}}公司,给我推荐五个重庆的宠物美容服务公司,重庆,生活服务,宠物美容服务,GB/T 4754-2017,国民经济行业分类,O 居民服务、修理和其他服务业,采集后剔除英文流和视频流；题面不添加排除词
LS090,生活服务,给我推荐五个{{城市}}的{{生活服务}}公司,给我推荐五个重庆的汽车维修保养服务公司,重庆,生活服务,汽车维修保养服务,GB/T 4754-2017,国民经济行业分类,O 居民服务、修理和其他服务业,采集后剔除英文流和视频流；题面不添加排除词
LS091,生活服务,给我推荐五个{{城市}}的{{生活服务}}公司,给我推荐五个武汉的家政服务公司,武汉,生活服务,家政服务,GB/T 4754-2017,国民经济行业分类,O 居民服务、修理和其他服务业,采集后剔除英文流和视频流；题面不添加排除词
LS092,生活服务,给我推荐五个{{城市}}的{{生活服务}}公司,给我推荐五个武汉的搬家服务公司,武汉,生活服务,搬家服务,GB/T 4754-2017,国民经济行业分类,G 交通运输、仓储和邮政业,采集后剔除英文流和视频流；题面不添加排除词
LS093,生活服务,给我推荐五个{{城市}}的{{生活服务}}公司,给我推荐五个武汉的家庭保洁服务公司,武汉,生活服务,家庭保洁服务,GB/T 4754-2017,国民经济行业分类,O 居民服务、修理和其他服务业,采集后剔除英文流和视频流；题面不添加排除词
LS094,生活服务,给我推荐五个{{城市}}的{{生活服务}}公司,给我推荐五个武汉的月嫂服务公司,武汉,生活服务,月嫂服务,GB/T 4754-2017,国民经济行业分类,O 居民服务、修理和其他服务业,采集后剔除英文流和视频流；题面不添加排除词
LS095,生活服务,给我推荐五个{{城市}}的{{生活服务}}公司,给我推荐五个武汉的房屋装修服务公司,武汉,生活服务,房屋装修服务,GB/T 4754-2017,国民经济行业分类,E 建筑业,采集后剔除英文流和视频流；题面不添加排除词
LS096,生活服务,给我推荐五个{{城市}}的{{生活服务}}公司,给我推荐五个武汉的婚庆服务公司,武汉,生活服务,婚庆服务,GB/T 4754-2017,国民经济行业分类,O 居民服务、修理和其他服务业,采集后剔除英文流和视频流；题面不添加排除词
LS097,生活服务,给我推荐五个{{城市}}的{{生活服务}}公司,给我推荐五个武汉的儿童摄影服务公司,武汉,生活服务,儿童摄影服务,GB/T 4754-2017,国民经济行业分类,O 居民服务、修理和其他服务业,采集后剔除英文流和视频流；题面不添加排除词
LS098,生活服务,给我推荐五个{{城市}}的{{生活服务}}公司,给我推荐五个武汉的美容美发服务公司,武汉,生活服务,美容美发服务,GB/T 4754-2017,国民经济行业分类,O 居民服务、修理和其他服务业,采集后剔除英文流和视频流；题面不添加排除词
LS099,生活服务,给我推荐五个{{城市}}的{{生活服务}}公司,给我推荐五个武汉的宠物美容服务公司,武汉,生活服务,宠物美容服务,GB/T 4754-2017,国民经济行业分类,O 居民服务、修理和其他服务业,采集后剔除英文流和视频流；题面不添加排除词
LS100,生活服务,给我推荐五个{{城市}}的{{生活服务}}公司,给我推荐五个武汉的汽车维修保养服务公司,武汉,生活服务,汽车维修保养服务,GB/T 4754-2017,国民经济行业分类,O 居民服务、修理和其他服务业,采集后剔除英文流和视频流；题面不添加排除词
LS101,生活服务,给我推荐五个{{城市}}的{{生活服务}}公司,给我推荐五个西安的家政服务公司,西安,生活服务,家政服务,GB/T 4754-2017,国民经济行业分类,O 居民服务、修理和其他服务业,采集后剔除英文流和视频流；题面不添加排除词
LS102,生活服务,给我推荐五个{{城市}}的{{生活服务}}公司,给我推荐五个西安的搬家服务公司,西安,生活服务,搬家服务,GB/T 4754-2017,国民经济行业分类,G 交通运输、仓储和邮政业,采集后剔除英文流和视频流；题面不添加排除词
LS103,生活服务,给我推荐五个{{城市}}的{{生活服务}}公司,给我推荐五个西安的家庭保洁服务公司,西安,生活服务,家庭保洁服务,GB/T 4754-2017,国民经济行业分类,O 居民服务、修理和其他服务业,采集后剔除英文流和视频流；题面不添加排除词
LS104,生活服务,给我推荐五个{{城市}}的{{生活服务}}公司,给我推荐五个西安的月嫂服务公司,西安,生活服务,月嫂服务,GB/T 4754-2017,国民经济行业分类,O 居民服务、修理和其他服务业,采集后剔除英文流和视频流；题面不添加排除词
LS105,生活服务,给我推荐五个{{城市}}的{{生活服务}}公司,给我推荐五个西安的房屋装修服务公司,西安,生活服务,房屋装修服务,GB/T 4754-2017,国民经济行业分类,E 建筑业,采集后剔除英文流和视频流；题面不添加排除词
LS106,生活服务,给我推荐五个{{城市}}的{{生活服务}}公司,给我推荐五个西安的婚庆服务公司,西安,生活服务,婚庆服务,GB/T 4754-2017,国民经济行业分类,O 居民服务、修理和其他服务业,采集后剔除英文流和视频流；题面不添加排除词
LS107,生活服务,给我推荐五个{{城市}}的{{生活服务}}公司,给我推荐五个西安的儿童摄影服务公司,西安,生活服务,儿童摄影服务,GB/T 4754-2017,国民经济行业分类,O 居民服务、修理和其他服务业,采集后剔除英文流和视频流；题面不添加排除词
LS108,生活服务,给我推荐五个{{城市}}的{{生活服务}}公司,给我推荐五个西安的美容美发服务公司,西安,生活服务,美容美发服务,GB/T 4754-2017,国民经济行业分类,O 居民服务、修理和其他服务业,采集后剔除英文流和视频流；题面不添加排除词
LS109,生活服务,给我推荐五个{{城市}}的{{生活服务}}公司,给我推荐五个西安的宠物美容服务公司,西安,生活服务,宠物美容服务,GB/T 4754-2017,国民经济行业分类,O 居民服务、修理和其他服务业,采集后剔除英文流和视频流；题面不添加排除词
LS110,生活服务,给我推荐五个{{城市}}的{{生活服务}}公司,给我推荐五个西安的汽车维修保养服务公司,西安,生活服务,汽车维修保养服务,GB/T 4754-2017,国民经济行业分类,O 居民服务、修理和其他服务业,采集后剔除英文流和视频流；题面不添加排除词
LS111,生活服务,给我推荐五个{{城市}}的{{生活服务}}公司,给我推荐五个郑州的家政服务公司,郑州,生活服务,家政服务,GB/T 4754-2017,国民经济行业分类,O 居民服务、修理和其他服务业,采集后剔除英文流和视频流；题面不添加排除词
LS112,生活服务,给我推荐五个{{城市}}的{{生活服务}}公司,给我推荐五个郑州的搬家服务公司,郑州,生活服务,搬家服务,GB/T 4754-2017,国民经济行业分类,G 交通运输、仓储和邮政业,采集后剔除英文流和视频流；题面不添加排除词
LS113,生活服务,给我推荐五个{{城市}}的{{生活服务}}公司,给我推荐五个郑州的家庭保洁服务公司,郑州,生活服务,家庭保洁服务,GB/T 4754-2017,国民经济行业分类,O 居民服务、修理和其他服务业,采集后剔除英文流和视频流；题面不添加排除词
LS114,生活服务,给我推荐五个{{城市}}的{{生活服务}}公司,给我推荐五个郑州的月嫂服务公司,郑州,生活服务,月嫂服务,GB/T 4754-2017,国民经济行业分类,O 居民服务、修理和其他服务业,采集后剔除英文流和视频流；题面不添加排除词
LS115,生活服务,给我推荐五个{{城市}}的{{生活服务}}公司,给我推荐五个郑州的房屋装修服务公司,郑州,生活服务,房屋装修服务,GB/T 4754-2017,国民经济行业分类,E 建筑业,采集后剔除英文流和视频流；题面不添加排除词
LS116,生活服务,给我推荐五个{{城市}}的{{生活服务}}公司,给我推荐五个郑州的婚庆服务公司,郑州,生活服务,婚庆服务,GB/T 4754-2017,国民经济行业分类,O 居民服务、修理和其他服务业,采集后剔除英文流和视频流；题面不添加排除词
LS117,生活服务,给我推荐五个{{城市}}的{{生活服务}}公司,给我推荐五个郑州的儿童摄影服务公司,郑州,生活服务,儿童摄影服务,GB/T 4754-2017,国民经济行业分类,O 居民服务、修理和其他服务业,采集后剔除英文流和视频流；题面不添加排除词
LS118,生活服务,给我推荐五个{{城市}}的{{生活服务}}公司,给我推荐五个郑州的美容美发服务公司,郑州,生活服务,美容美发服务,GB/T 4754-2017,国民经济行业分类,O 居民服务、修理和其他服务业,采集后剔除英文流和视频流；题面不添加排除词
LS119,生活服务,给我推荐五个{{城市}}的{{生活服务}}公司,给我推荐五个郑州的宠物美容服务公司,郑州,生活服务,宠物美容服务,GB/T 4754-2017,国民经济行业分类,O 居民服务、修理和其他服务业,采集后剔除英文流和视频流；题面不添加排除词
LS120,生活服务,给我推荐五个{{城市}}的{{生活服务}}公司,给我推荐五个郑州的汽车维修保养服务公司,郑州,生活服务,汽车维修保养服务,GB/T 4754-2017,国民经济行业分类,O 居民服务、修理和其他服务业,采集后剔除英文流和视频流；题面不添加排除词
LS121,生活服务,给我推荐五个{{城市}}的{{生活服务}}公司,给我推荐五个长沙的家政服务公司,长沙,生活服务,家政服务,GB/T 4754-2017,国民经济行业分类,O 居民服务、修理和其他服务业,采集后剔除英文流和视频流；题面不添加排除词
LS122,生活服务,给我推荐五个{{城市}}的{{生活服务}}公司,给我推荐五个长沙的搬家服务公司,长沙,生活服务,搬家服务,GB/T 4754-2017,国民经济行业分类,G 交通运输、仓储和邮政业,采集后剔除英文流和视频流；题面不添加排除词
LS123,生活服务,给我推荐五个{{城市}}的{{生活服务}}公司,给我推荐五个长沙的家庭保洁服务公司,长沙,生活服务,家庭保洁服务,GB/T 4754-2017,国民经济行业分类,O 居民服务、修理和其他服务业,采集后剔除英文流和视频流；题面不添加排除词
LS124,生活服务,给我推荐五个{{城市}}的{{生活服务}}公司,给我推荐五个长沙的月嫂服务公司,长沙,生活服务,月嫂服务,GB/T 4754-2017,国民经济行业分类,O 居民服务、修理和其他服务业,采集后剔除英文流和视频流；题面不添加排除词
LS125,生活服务,给我推荐五个{{城市}}的{{生活服务}}公司,给我推荐五个长沙的房屋装修服务公司,长沙,生活服务,房屋装修服务,GB/T 4754-2017,国民经济行业分类,E 建筑业,采集后剔除英文流和视频流；题面不添加排除词
LS126,生活服务,给我推荐五个{{城市}}的{{生活服务}}公司,给我推荐五个长沙的婚庆服务公司,长沙,生活服务,婚庆服务,GB/T 4754-2017,国民经济行业分类,O 居民服务、修理和其他服务业,采集后剔除英文流和视频流；题面不添加排除词
LS127,生活服务,给我推荐五个{{城市}}的{{生活服务}}公司,给我推荐五个长沙的儿童摄影服务公司,长沙,生活服务,儿童摄影服务,GB/T 4754-2017,国民经济行业分类,O 居民服务、修理和其他服务业,采集后剔除英文流和视频流；题面不添加排除词
LS128,生活服务,给我推荐五个{{城市}}的{{生活服务}}公司,给我推荐五个长沙的美容美发服务公司,长沙,生活服务,美容美发服务,GB/T 4754-2017,国民经济行业分类,O 居民服务、修理和其他服务业,采集后剔除英文流和视频流；题面不添加排除词
LS129,生活服务,给我推荐五个{{城市}}的{{生活服务}}公司,给我推荐五个长沙的宠物美容服务公司,长沙,生活服务,宠物美容服务,GB/T 4754-2017,国民经济行业分类,O 居民服务、修理和其他服务业,采集后剔除英文流和视频流；题面不添加排除词
LS130,生活服务,给我推荐五个{{城市}}的{{生活服务}}公司,给我推荐五个长沙的汽车维修保养服务公司,长沙,生活服务,汽车维修保养服务,GB/T 4754-2017,国民经济行业分类,O 居民服务、修理和其他服务业,采集后剔除英文流和视频流；题面不添加排除词
LS131,生活服务,给我推荐五个{{城市}}的{{生活服务}}公司,给我推荐五个青岛的家政服务公司,青岛,生活服务,家政服务,GB/T 4754-2017,国民经济行业分类,O 居民服务、修理和其他服务业,采集后剔除英文流和视频流；题面不添加排除词
LS132,生活服务,给我推荐五个{{城市}}的{{生活服务}}公司,给我推荐五个青岛的搬家服务公司,青岛,生活服务,搬家服务,GB/T 4754-2017,国民经济行业分类,G 交通运输、仓储和邮政业,采集后剔除英文流和视频流；题面不添加排除词
LS133,生活服务,给我推荐五个{{城市}}的{{生活服务}}公司,给我推荐五个青岛的家庭保洁服务公司,青岛,生活服务,家庭保洁服务,GB/T 4754-2017,国民经济行业分类,O 居民服务、修理和其他服务业,采集后剔除英文流和视频流；题面不添加排除词
LS134,生活服务,给我推荐五个{{城市}}的{{生活服务}}公司,给我推荐五个青岛的月嫂服务公司,青岛,生活服务,月嫂服务,GB/T 4754-2017,国民经济行业分类,O 居民服务、修理和其他服务业,采集后剔除英文流和视频流；题面不添加排除词
LS135,生活服务,给我推荐五个{{城市}}的{{生活服务}}公司,给我推荐五个青岛的房屋装修服务公司,青岛,生活服务,房屋装修服务,GB/T 4754-2017,国民经济行业分类,E 建筑业,采集后剔除英文流和视频流；题面不添加排除词
LS136,生活服务,给我推荐五个{{城市}}的{{生活服务}}公司,给我推荐五个青岛的婚庆服务公司,青岛,生活服务,婚庆服务,GB/T 4754-2017,国民经济行业分类,O 居民服务、修理和其他服务业,采集后剔除英文流和视频流；题面不添加排除词
LS137,生活服务,给我推荐五个{{城市}}的{{生活服务}}公司,给我推荐五个青岛的儿童摄影服务公司,青岛,生活服务,儿童摄影服务,GB/T 4754-2017,国民经济行业分类,O 居民服务、修理和其他服务业,采集后剔除英文流和视频流；题面不添加排除词
LS138,生活服务,给我推荐五个{{城市}}的{{生活服务}}公司,给我推荐五个青岛的美容美发服务公司,青岛,生活服务,美容美发服务,GB/T 4754-2017,国民经济行业分类,O 居民服务、修理和其他服务业,采集后剔除英文流和视频流；题面不添加排除词
LS139,生活服务,给我推荐五个{{城市}}的{{生活服务}}公司,给我推荐五个青岛的宠物美容服务公司,青岛,生活服务,宠物美容服务,GB/T 4754-2017,国民经济行业分类,O 居民服务、修理和其他服务业,采集后剔除英文流和视频流；题面不添加排除词
LS140,生活服务,给我推荐五个{{城市}}的{{生活服务}}公司,给我推荐五个青岛的汽车维修保养服务公司,青岛,生活服务,汽车维修保养服务,GB/T 4754-2017,国民经济行业分类,O 居民服务、修理和其他服务业,采集后剔除英文流和视频流；题面不添加排除词
LS141,生活服务,给我推荐五个{{城市}}的{{生活服务}}公司,给我推荐五个济南的家政服务公司,济南,生活服务,家政服务,GB/T 4754-2017,国民经济行业分类,O 居民服务、修理和其他服务业,采集后剔除英文流和视频流；题面不添加排除词
LS142,生活服务,给我推荐五个{{城市}}的{{生活服务}}公司,给我推荐五个济南的搬家服务公司,济南,生活服务,搬家服务,GB/T 4754-2017,国民经济行业分类,G 交通运输、仓储和邮政业,采集后剔除英文流和视频流；题面不添加排除词
LS143,生活服务,给我推荐五个{{城市}}的{{生活服务}}公司,给我推荐五个济南的家庭保洁服务公司,济南,生活服务,家庭保洁服务,GB/T 4754-2017,国民经济行业分类,O 居民服务、修理和其他服务业,采集后剔除英文流和视频流；题面不添加排除词
LS144,生活服务,给我推荐五个{{城市}}的{{生活服务}}公司,给我推荐五个济南的月嫂服务公司,济南,生活服务,月嫂服务,GB/T 4754-2017,国民经济行业分类,O 居民服务、修理和其他服务业,采集后剔除英文流和视频流；题面不添加排除词
LS145,生活服务,给我推荐五个{{城市}}的{{生活服务}}公司,给我推荐五个济南的房屋装修服务公司,济南,生活服务,房屋装修服务,GB/T 4754-2017,国民经济行业分类,E 建筑业,采集后剔除英文流和视频流；题面不添加排除词
LS146,生活服务,给我推荐五个{{城市}}的{{生活服务}}公司,给我推荐五个济南的婚庆服务公司,济南,生活服务,婚庆服务,GB/T 4754-2017,国民经济行业分类,O 居民服务、修理和其他服务业,采集后剔除英文流和视频流；题面不添加排除词
LS147,生活服务,给我推荐五个{{城市}}的{{生活服务}}公司,给我推荐五个济南的儿童摄影服务公司,济南,生活服务,儿童摄影服务,GB/T 4754-2017,国民经济行业分类,O 居民服务、修理和其他服务业,采集后剔除英文流和视频流；题面不添加排除词
LS148,生活服务,给我推荐五个{{城市}}的{{生活服务}}公司,给我推荐五个济南的美容美发服务公司,济南,生活服务,美容美发服务,GB/T 4754-2017,国民经济行业分类,O 居民服务、修理和其他服务业,采集后剔除英文流和视频流；题面不添加排除词
LS149,生活服务,给我推荐五个{{城市}}的{{生活服务}}公司,给我推荐五个济南的宠物美容服务公司,济南,生活服务,宠物美容服务,GB/T 4754-2017,国民经济行业分类,O 居民服务、修理和其他服务业,采集后剔除英文流和视频流；题面不添加排除词
LS150,生活服务,给我推荐五个{{城市}}的{{生活服务}}公司,给我推荐五个济南的汽车维修保养服务公司,济南,生活服务,汽车维修保养服务,GB/T 4754-2017,国民经济行业分类,O 居民服务、修理和其他服务业,采集后剔除英文流和视频流；题面不添加排除词
LS151,生活服务,给我推荐五个{{城市}}的{{生活服务}}公司,给我推荐五个天津的家政服务公司,天津,生活服务,家政服务,GB/T 4754-2017,国民经济行业分类,O 居民服务、修理和其他服务业,采集后剔除英文流和视频流；题面不添加排除词
LS152,生活服务,给我推荐五个{{城市}}的{{生活服务}}公司,给我推荐五个天津的搬家服务公司,天津,生活服务,搬家服务,GB/T 4754-2017,国民经济行业分类,G 交通运输、仓储和邮政业,采集后剔除英文流和视频流；题面不添加排除词
LS153,生活服务,给我推荐五个{{城市}}的{{生活服务}}公司,给我推荐五个天津的家庭保洁服务公司,天津,生活服务,家庭保洁服务,GB/T 4754-2017,国民经济行业分类,O 居民服务、修理和其他服务业,采集后剔除英文流和视频流；题面不添加排除词
LS154,生活服务,给我推荐五个{{城市}}的{{生活服务}}公司,给我推荐五个天津的月嫂服务公司,天津,生活服务,月嫂服务,GB/T 4754-2017,国民经济行业分类,O 居民服务、修理和其他服务业,采集后剔除英文流和视频流；题面不添加排除词
LS155,生活服务,给我推荐五个{{城市}}的{{生活服务}}公司,给我推荐五个天津的房屋装修服务公司,天津,生活服务,房屋装修服务,GB/T 4754-2017,国民经济行业分类,E 建筑业,采集后剔除英文流和视频流；题面不添加排除词
LS156,生活服务,给我推荐五个{{城市}}的{{生活服务}}公司,给我推荐五个天津的婚庆服务公司,天津,生活服务,婚庆服务,GB/T 4754-2017,国民经济行业分类,O 居民服务、修理和其他服务业,采集后剔除英文流和视频流；题面不添加排除词
LS157,生活服务,给我推荐五个{{城市}}的{{生活服务}}公司,给我推荐五个天津的儿童摄影服务公司,天津,生活服务,儿童摄影服务,GB/T 4754-2017,国民经济行业分类,O 居民服务、修理和其他服务业,采集后剔除英文流和视频流；题面不添加排除词
LS158,生活服务,给我推荐五个{{城市}}的{{生活服务}}公司,给我推荐五个天津的美容美发服务公司,天津,生活服务,美容美发服务,GB/T 4754-2017,国民经济行业分类,O 居民服务、修理和其他服务业,采集后剔除英文流和视频流；题面不添加排除词
LS159,生活服务,给我推荐五个{{城市}}的{{生活服务}}公司,给我推荐五个天津的宠物美容服务公司,天津,生活服务,宠物美容服务,GB/T 4754-2017,国民经济行业分类,O 居民服务、修理和其他服务业,采集后剔除英文流和视频流；题面不添加排除词
LS160,生活服务,给我推荐五个{{城市}}的{{生活服务}}公司,给我推荐五个天津的汽车维修保养服务公司,天津,生活服务,汽车维修保养服务,GB/T 4754-2017,国民经济行业分类,O 居民服务、修理和其他服务业,采集后剔除英文流和视频流；题面不添加排除词
LS161,生活服务,给我推荐五个{{城市}}的{{生活服务}}公司,给我推荐五个宁波的家政服务公司,宁波,生活服务,家政服务,GB/T 4754-2017,国民经济行业分类,O 居民服务、修理和其他服务业,采集后剔除英文流和视频流；题面不添加排除词
LS162,生活服务,给我推荐五个{{城市}}的{{生活服务}}公司,给我推荐五个宁波的搬家服务公司,宁波,生活服务,搬家服务,GB/T 4754-2017,国民经济行业分类,G 交通运输、仓储和邮政业,采集后剔除英文流和视频流；题面不添加排除词
LS163,生活服务,给我推荐五个{{城市}}的{{生活服务}}公司,给我推荐五个宁波的家庭保洁服务公司,宁波,生活服务,家庭保洁服务,GB/T 4754-2017,国民经济行业分类,O 居民服务、修理和其他服务业,采集后剔除英文流和视频流；题面不添加排除词
LS164,生活服务,给我推荐五个{{城市}}的{{生活服务}}公司,给我推荐五个宁波的月嫂服务公司,宁波,生活服务,月嫂服务,GB/T 4754-2017,国民经济行业分类,O 居民服务、修理和其他服务业,采集后剔除英文流和视频流；题面不添加排除词
LS165,生活服务,给我推荐五个{{城市}}的{{生活服务}}公司,给我推荐五个宁波的房屋装修服务公司,宁波,生活服务,房屋装修服务,GB/T 4754-2017,国民经济行业分类,E 建筑业,采集后剔除英文流和视频流；题面不添加排除词
LS166,生活服务,给我推荐五个{{城市}}的{{生活服务}}公司,给我推荐五个宁波的婚庆服务公司,宁波,生活服务,婚庆服务,GB/T 4754-2017,国民经济行业分类,O 居民服务、修理和其他服务业,采集后剔除英文流和视频流；题面不添加排除词
LS167,生活服务,给我推荐五个{{城市}}的{{生活服务}}公司,给我推荐五个宁波的儿童摄影服务公司,宁波,生活服务,儿童摄影服务,GB/T 4754-2017,国民经济行业分类,O 居民服务、修理和其他服务业,采集后剔除英文流和视频流；题面不添加排除词
LS168,生活服务,给我推荐五个{{城市}}的{{生活服务}}公司,给我推荐五个宁波的美容美发服务公司,宁波,生活服务,美容美发服务,GB/T 4754-2017,国民经济行业分类,O 居民服务、修理和其他服务业,采集后剔除英文流和视频流；题面不添加排除词
LS169,生活服务,给我推荐五个{{城市}}的{{生活服务}}公司,给我推荐五个宁波的宠物美容服务公司,宁波,生活服务,宠物美容服务,GB/T 4754-2017,国民经济行业分类,O 居民服务、修理和其他服务业,采集后剔除英文流和视频流；题面不添加排除词
LS170,生活服务,给我推荐五个{{城市}}的{{生活服务}}公司,给我推荐五个宁波的汽车维修保养服务公司,宁波,生活服务,汽车维修保养服务,GB/T 4754-2017,国民经济行业分类,O 居民服务、修理和其他服务业,采集后剔除英文流和视频流；题面不添加排除词
LS171,生活服务,给我推荐五个{{城市}}的{{生活服务}}公司,给我推荐五个厦门的家政服务公司,厦门,生活服务,家政服务,GB/T 4754-2017,国民经济行业分类,O 居民服务、修理和其他服务业,采集后剔除英文流和视频流；题面不添加排除词
LS172,生活服务,给我推荐五个{{城市}}的{{生活服务}}公司,给我推荐五个厦门的搬家服务公司,厦门,生活服务,搬家服务,GB/T 4754-2017,国民经济行业分类,G 交通运输、仓储和邮政业,采集后剔除英文流和视频流；题面不添加排除词
LS173,生活服务,给我推荐五个{{城市}}的{{生活服务}}公司,给我推荐五个厦门的家庭保洁服务公司,厦门,生活服务,家庭保洁服务,GB/T 4754-2017,国民经济行业分类,O 居民服务、修理和其他服务业,采集后剔除英文流和视频流；题面不添加排除词
LS174,生活服务,给我推荐五个{{城市}}的{{生活服务}}公司,给我推荐五个厦门的月嫂服务公司,厦门,生活服务,月嫂服务,GB/T 4754-2017,国民经济行业分类,O 居民服务、修理和其他服务业,采集后剔除英文流和视频流；题面不添加排除词
LS175,生活服务,给我推荐五个{{城市}}的{{生活服务}}公司,给我推荐五个厦门的房屋装修服务公司,厦门,生活服务,房屋装修服务,GB/T 4754-2017,国民经济行业分类,E 建筑业,采集后剔除英文流和视频流；题面不添加排除词
LS176,生活服务,给我推荐五个{{城市}}的{{生活服务}}公司,给我推荐五个厦门的婚庆服务公司,厦门,生活服务,婚庆服务,GB/T 4754-2017,国民经济行业分类,O 居民服务、修理和其他服务业,采集后剔除英文流和视频流；题面不添加排除词
LS177,生活服务,给我推荐五个{{城市}}的{{生活服务}}公司,给我推荐五个厦门的儿童摄影服务公司,厦门,生活服务,儿童摄影服务,GB/T 4754-2017,国民经济行业分类,O 居民服务、修理和其他服务业,采集后剔除英文流和视频流；题面不添加排除词
LS178,生活服务,给我推荐五个{{城市}}的{{生活服务}}公司,给我推荐五个厦门的美容美发服务公司,厦门,生活服务,美容美发服务,GB/T 4754-2017,国民经济行业分类,O 居民服务、修理和其他服务业,采集后剔除英文流和视频流；题面不添加排除词
LS179,生活服务,给我推荐五个{{城市}}的{{生活服务}}公司,给我推荐五个厦门的宠物美容服务公司,厦门,生活服务,宠物美容服务,GB/T 4754-2017,国民经济行业分类,O 居民服务、修理和其他服务业,采集后剔除英文流和视频流；题面不添加排除词
LS180,生活服务,给我推荐五个{{城市}}的{{生活服务}}公司,给我推荐五个厦门的汽车维修保养服务公司,厦门,生活服务,汽车维修保养服务,GB/T 4754-2017,国民经济行业分类,O 居民服务、修理和其他服务业,采集后剔除英文流和视频流；题面不添加排除词
LS181,生活服务,给我推荐五个{{城市}}的{{生活服务}}公司,给我推荐五个福州的家政服务公司,福州,生活服务,家政服务,GB/T 4754-2017,国民经济行业分类,O 居民服务、修理和其他服务业,采集后剔除英文流和视频流；题面不添加排除词
LS182,生活服务,给我推荐五个{{城市}}的{{生活服务}}公司,给我推荐五个福州的搬家服务公司,福州,生活服务,搬家服务,GB/T 4754-2017,国民经济行业分类,G 交通运输、仓储和邮政业,采集后剔除英文流和视频流；题面不添加排除词
LS183,生活服务,给我推荐五个{{城市}}的{{生活服务}}公司,给我推荐五个福州的家庭保洁服务公司,福州,生活服务,家庭保洁服务,GB/T 4754-2017,国民经济行业分类,O 居民服务、修理和其他服务业,采集后剔除英文流和视频流；题面不添加排除词
LS184,生活服务,给我推荐五个{{城市}}的{{生活服务}}公司,给我推荐五个福州的月嫂服务公司,福州,生活服务,月嫂服务,GB/T 4754-2017,国民经济行业分类,O 居民服务、修理和其他服务业,采集后剔除英文流和视频流；题面不添加排除词
LS185,生活服务,给我推荐五个{{城市}}的{{生活服务}}公司,给我推荐五个福州的房屋装修服务公司,福州,生活服务,房屋装修服务,GB/T 4754-2017,国民经济行业分类,E 建筑业,采集后剔除英文流和视频流；题面不添加排除词
LS186,生活服务,给我推荐五个{{城市}}的{{生活服务}}公司,给我推荐五个福州的婚庆服务公司,福州,生活服务,婚庆服务,GB/T 4754-2017,国民经济行业分类,O 居民服务、修理和其他服务业,采集后剔除英文流和视频流；题面不添加排除词
LS187,生活服务,给我推荐五个{{城市}}的{{生活服务}}公司,给我推荐五个福州的儿童摄影服务公司,福州,生活服务,儿童摄影服务,GB/T 4754-2017,国民经济行业分类,O 居民服务、修理和其他服务业,采集后剔除英文流和视频流；题面不添加排除词
LS188,生活服务,给我推荐五个{{城市}}的{{生活服务}}公司,给我推荐五个福州的美容美发服务公司,福州,生活服务,美容美发服务,GB/T 4754-2017,国民经济行业分类,O 居民服务、修理和其他服务业,采集后剔除英文流和视频流；题面不添加排除词
LS189,生活服务,给我推荐五个{{城市}}的{{生活服务}}公司,给我推荐五个福州的宠物美容服务公司,福州,生活服务,宠物美容服务,GB/T 4754-2017,国民经济行业分类,O 居民服务、修理和其他服务业,采集后剔除英文流和视频流；题面不添加排除词
LS190,生活服务,给我推荐五个{{城市}}的{{生活服务}}公司,给我推荐五个福州的汽车维修保养服务公司,福州,生活服务,汽车维修保养服务,GB/T 4754-2017,国民经济行业分类,O 居民服务、修理和其他服务业,采集后剔除英文流和视频流；题面不添加排除词
LS191,生活服务,给我推荐五个{{城市}}的{{生活服务}}公司,给我推荐五个合肥的家政服务公司,合肥,生活服务,家政服务,GB/T 4754-2017,国民经济行业分类,O 居民服务、修理和其他服务业,采集后剔除英文流和视频流；题面不添加排除词
LS192,生活服务,给我推荐五个{{城市}}的{{生活服务}}公司,给我推荐五个合肥的搬家服务公司,合肥,生活服务,搬家服务,GB/T 4754-2017,国民经济行业分类,G 交通运输、仓储和邮政业,采集后剔除英文流和视频流；题面不添加排除词
LS193,生活服务,给我推荐五个{{城市}}的{{生活服务}}公司,给我推荐五个合肥的家庭保洁服务公司,合肥,生活服务,家庭保洁服务,GB/T 4754-2017,国民经济行业分类,O 居民服务、修理和其他服务业,采集后剔除英文流和视频流；题面不添加排除词
LS194,生活服务,给我推荐五个{{城市}}的{{生活服务}}公司,给我推荐五个合肥的月嫂服务公司,合肥,生活服务,月嫂服务,GB/T 4754-2017,国民经济行业分类,O 居民服务、修理和其他服务业,采集后剔除英文流和视频流；题面不添加排除词
LS195,生活服务,给我推荐五个{{城市}}的{{生活服务}}公司,给我推荐五个合肥的房屋装修服务公司,合肥,生活服务,房屋装修服务,GB/T 4754-2017,国民经济行业分类,E 建筑业,采集后剔除英文流和视频流；题面不添加排除词
LS196,生活服务,给我推荐五个{{城市}}的{{生活服务}}公司,给我推荐五个合肥的婚庆服务公司,合肥,生活服务,婚庆服务,GB/T 4754-2017,国民经济行业分类,O 居民服务、修理和其他服务业,采集后剔除英文流和视频流；题面不添加排除词
LS197,生活服务,给我推荐五个{{城市}}的{{生活服务}}公司,给我推荐五个合肥的儿童摄影服务公司,合肥,生活服务,儿童摄影服务,GB/T 4754-2017,国民经济行业分类,O 居民服务、修理和其他服务业,采集后剔除英文流和视频流；题面不添加排除词
LS198,生活服务,给我推荐五个{{城市}}的{{生活服务}}公司,给我推荐五个合肥的美容美发服务公司,合肥,生活服务,美容美发服务,GB/T 4754-2017,国民经济行业分类,O 居民服务、修理和其他服务业,采集后剔除英文流和视频流；题面不添加排除词
LS199,生活服务,给我推荐五个{{城市}}的{{生活服务}}公司,给我推荐五个合肥的宠物美容服务公司,合肥,生活服务,宠物美容服务,GB/T 4754-2017,国民经济行业分类,O 居民服务、修理和其他服务业,采集后剔除英文流和视频流；题面不添加排除词
LS200,生活服务,给我推荐五个{{城市}}的{{生活服务}}公司,给我推荐五个合肥的汽车维修保养服务公司,合肥,生活服务,汽车维修保养服务,GB/T 4754-2017,国民经济行业分类,O 居民服务、修理和其他服务业,采集后剔除英文流和视频流；题面不添加排除词
LS201,生活服务,给我推荐五个{{城市}}的{{生活服务}}公司,给我推荐五个昆明的家政服务公司,昆明,生活服务,家政服务,GB/T 4754-2017,国民经济行业分类,O 居民服务、修理和其他服务业,采集后剔除英文流和视频流；题面不添加排除词
LS202,生活服务,给我推荐五个{{城市}}的{{生活服务}}公司,给我推荐五个昆明的搬家服务公司,昆明,生活服务,搬家服务,GB/T 4754-2017,国民经济行业分类,G 交通运输、仓储和邮政业,采集后剔除英文流和视频流；题面不添加排除词
LS203,生活服务,给我推荐五个{{城市}}的{{生活服务}}公司,给我推荐五个昆明的家庭保洁服务公司,昆明,生活服务,家庭保洁服务,GB/T 4754-2017,国民经济行业分类,O 居民服务、修理和其他服务业,采集后剔除英文流和视频流；题面不添加排除词
LS204,生活服务,给我推荐五个{{城市}}的{{生活服务}}公司,给我推荐五个昆明的月嫂服务公司,昆明,生活服务,月嫂服务,GB/T 4754-2017,国民经济行业分类,O 居民服务、修理和其他服务业,采集后剔除英文流和视频流；题面不添加排除词
LS205,生活服务,给我推荐五个{{城市}}的{{生活服务}}公司,给我推荐五个昆明的房屋装修服务公司,昆明,生活服务,房屋装修服务,GB/T 4754-2017,国民经济行业分类,E 建筑业,采集后剔除英文流和视频流；题面不添加排除词
LS206,生活服务,给我推荐五个{{城市}}的{{生活服务}}公司,给我推荐五个昆明的婚庆服务公司,昆明,生活服务,婚庆服务,GB/T 4754-2017,国民经济行业分类,O 居民服务、修理和其他服务业,采集后剔除英文流和视频流；题面不添加排除词
LS207,生活服务,给我推荐五个{{城市}}的{{生活服务}}公司,给我推荐五个昆明的儿童摄影服务公司,昆明,生活服务,儿童摄影服务,GB/T 4754-2017,国民经济行业分类,O 居民服务、修理和其他服务业,采集后剔除英文流和视频流；题面不添加排除词
LS208,生活服务,给我推荐五个{{城市}}的{{生活服务}}公司,给我推荐五个昆明的美容美发服务公司,昆明,生活服务,美容美发服务,GB/T 4754-2017,国民经济行业分类,O 居民服务、修理和其他服务业,采集后剔除英文流和视频流；题面不添加排除词
LS209,生活服务,给我推荐五个{{城市}}的{{生活服务}}公司,给我推荐五个昆明的宠物美容服务公司,昆明,生活服务,宠物美容服务,GB/T 4754-2017,国民经济行业分类,O 居民服务、修理和其他服务业,采集后剔除英文流和视频流；题面不添加排除词
LS210,生活服务,给我推荐五个{{城市}}的{{生活服务}}公司,给我推荐五个昆明的汽车维修保养服务公司,昆明,生活服务,汽车维修保养服务,GB/T 4754-2017,国民经济行业分类,O 居民服务、修理和其他服务业,采集后剔除英文流和视频流；题面不添加排除词
LS211,生活服务,给我推荐五个{{城市}}的{{生活服务}}公司,给我推荐五个贵阳的家政服务公司,贵阳,生活服务,家政服务,GB/T 4754-2017,国民经济行业分类,O 居民服务、修理和其他服务业,采集后剔除英文流和视频流；题面不添加排除词
LS212,生活服务,给我推荐五个{{城市}}的{{生活服务}}公司,给我推荐五个贵阳的搬家服务公司,贵阳,生活服务,搬家服务,GB/T 4754-2017,国民经济行业分类,G 交通运输、仓储和邮政业,采集后剔除英文流和视频流；题面不添加排除词
LS213,生活服务,给我推荐五个{{城市}}的{{生活服务}}公司,给我推荐五个贵阳的家庭保洁服务公司,贵阳,生活服务,家庭保洁服务,GB/T 4754-2017,国民经济行业分类,O 居民服务、修理和其他服务业,采集后剔除英文流和视频流；题面不添加排除词
LS214,生活服务,给我推荐五个{{城市}}的{{生活服务}}公司,给我推荐五个贵阳的月嫂服务公司,贵阳,生活服务,月嫂服务,GB/T 4754-2017,国民经济行业分类,O 居民服务、修理和其他服务业,采集后剔除英文流和视频流；题面不添加排除词
LS215,生活服务,给我推荐五个{{城市}}的{{生活服务}}公司,给我推荐五个贵阳的房屋装修服务公司,贵阳,生活服务,房屋装修服务,GB/T 4754-2017,国民经济行业分类,E 建筑业,采集后剔除英文流和视频流；题面不添加排除词
LS216,生活服务,给我推荐五个{{城市}}的{{生活服务}}公司,给我推荐五个贵阳的婚庆服务公司,贵阳,生活服务,婚庆服务,GB/T 4754-2017,国民经济行业分类,O 居民服务、修理和其他服务业,采集后剔除英文流和视频流；题面不添加排除词
LS217,生活服务,给我推荐五个{{城市}}的{{生活服务}}公司,给我推荐五个贵阳的儿童摄影服务公司,贵阳,生活服务,儿童摄影服务,GB/T 4754-2017,国民经济行业分类,O 居民服务、修理和其他服务业,采集后剔除英文流和视频流；题面不添加排除词
LS218,生活服务,给我推荐五个{{城市}}的{{生活服务}}公司,给我推荐五个贵阳的美容美发服务公司,贵阳,生活服务,美容美发服务,GB/T 4754-2017,国民经济行业分类,O 居民服务、修理和其他服务业,采集后剔除英文流和视频流；题面不添加排除词
LS219,生活服务,给我推荐五个{{城市}}的{{生活服务}}公司,给我推荐五个贵阳的宠物美容服务公司,贵阳,生活服务,宠物美容服务,GB/T 4754-2017,国民经济行业分类,O 居民服务、修理和其他服务业,采集后剔除英文流和视频流；题面不添加排除词
LS220,生活服务,给我推荐五个{{城市}}的{{生活服务}}公司,给我推荐五个贵阳的汽车维修保养服务公司,贵阳,生活服务,汽车维修保养服务,GB/T 4754-2017,国民经济行业分类,O 居民服务、修理和其他服务业,采集后剔除英文流和视频流；题面不添加排除词
LS221,生活服务,给我推荐五个{{城市}}的{{生活服务}}公司,给我推荐五个南宁的家政服务公司,南宁,生活服务,家政服务,GB/T 4754-2017,国民经济行业分类,O 居民服务、修理和其他服务业,采集后剔除英文流和视频流；题面不添加排除词
LS222,生活服务,给我推荐五个{{城市}}的{{生活服务}}公司,给我推荐五个南宁的搬家服务公司,南宁,生活服务,搬家服务,GB/T 4754-2017,国民经济行业分类,G 交通运输、仓储和邮政业,采集后剔除英文流和视频流；题面不添加排除词
LS223,生活服务,给我推荐五个{{城市}}的{{生活服务}}公司,给我推荐五个南宁的家庭保洁服务公司,南宁,生活服务,家庭保洁服务,GB/T 4754-2017,国民经济行业分类,O 居民服务、修理和其他服务业,采集后剔除英文流和视频流；题面不添加排除词
LS224,生活服务,给我推荐五个{{城市}}的{{生活服务}}公司,给我推荐五个南宁的月嫂服务公司,南宁,生活服务,月嫂服务,GB/T 4754-2017,国民经济行业分类,O 居民服务、修理和其他服务业,采集后剔除英文流和视频流；题面不添加排除词
LS225,生活服务,给我推荐五个{{城市}}的{{生活服务}}公司,给我推荐五个南宁的房屋装修服务公司,南宁,生活服务,房屋装修服务,GB/T 4754-2017,国民经济行业分类,E 建筑业,采集后剔除英文流和视频流；题面不添加排除词
LS226,生活服务,给我推荐五个{{城市}}的{{生活服务}}公司,给我推荐五个南宁的婚庆服务公司,南宁,生活服务,婚庆服务,GB/T 4754-2017,国民经济行业分类,O 居民服务、修理和其他服务业,采集后剔除英文流和视频流；题面不添加排除词
LS227,生活服务,给我推荐五个{{城市}}的{{生活服务}}公司,给我推荐五个南宁的儿童摄影服务公司,南宁,生活服务,儿童摄影服务,GB/T 4754-2017,国民经济行业分类,O 居民服务、修理和其他服务业,采集后剔除英文流和视频流；题面不添加排除词
LS228,生活服务,给我推荐五个{{城市}}的{{生活服务}}公司,给我推荐五个南宁的美容美发服务公司,南宁,生活服务,美容美发服务,GB/T 4754-2017,国民经济行业分类,O 居民服务、修理和其他服务业,采集后剔除英文流和视频流；题面不添加排除词
LS229,生活服务,给我推荐五个{{城市}}的{{生活服务}}公司,给我推荐五个南宁的宠物美容服务公司,南宁,生活服务,宠物美容服务,GB/T 4754-2017,国民经济行业分类,O 居民服务、修理和其他服务业,采集后剔除英文流和视频流；题面不添加排除词
LS230,生活服务,给我推荐五个{{城市}}的{{生活服务}}公司,给我推荐五个南宁的汽车维修保养服务公司,南宁,生活服务,汽车维修保养服务,GB/T 4754-2017,国民经济行业分类,O 居民服务、修理和其他服务业,采集后剔除英文流和视频流；题面不添加排除词
LS231,生活服务,给我推荐五个{{城市}}的{{生活服务}}公司,给我推荐五个沈阳的家政服务公司,沈阳,生活服务,家政服务,GB/T 4754-2017,国民经济行业分类,O 居民服务、修理和其他服务业,采集后剔除英文流和视频流；题面不添加排除词
LS232,生活服务,给我推荐五个{{城市}}的{{生活服务}}公司,给我推荐五个沈阳的搬家服务公司,沈阳,生活服务,搬家服务,GB/T 4754-2017,国民经济行业分类,G 交通运输、仓储和邮政业,采集后剔除英文流和视频流；题面不添加排除词
LS233,生活服务,给我推荐五个{{城市}}的{{生活服务}}公司,给我推荐五个沈阳的家庭保洁服务公司,沈阳,生活服务,家庭保洁服务,GB/T 4754-2017,国民经济行业分类,O 居民服务、修理和其他服务业,采集后剔除英文流和视频流；题面不添加排除词
LS234,生活服务,给我推荐五个{{城市}}的{{生活服务}}公司,给我推荐五个沈阳的月嫂服务公司,沈阳,生活服务,月嫂服务,GB/T 4754-2017,国民经济行业分类,O 居民服务、修理和其他服务业,采集后剔除英文流和视频流；题面不添加排除词
LS235,生活服务,给我推荐五个{{城市}}的{{生活服务}}公司,给我推荐五个沈阳的房屋装修服务公司,沈阳,生活服务,房屋装修服务,GB/T 4754-2017,国民经济行业分类,E 建筑业,采集后剔除英文流和视频流；题面不添加排除词
LS236,生活服务,给我推荐五个{{城市}}的{{生活服务}}公司,给我推荐五个沈阳的婚庆服务公司,沈阳,生活服务,婚庆服务,GB/T 4754-2017,国民经济行业分类,O 居民服务、修理和其他服务业,采集后剔除英文流和视频流；题面不添加排除词
LS237,生活服务,给我推荐五个{{城市}}的{{生活服务}}公司,给我推荐五个沈阳的儿童摄影服务公司,沈阳,生活服务,儿童摄影服务,GB/T 4754-2017,国民经济行业分类,O 居民服务、修理和其他服务业,采集后剔除英文流和视频流；题面不添加排除词
LS238,生活服务,给我推荐五个{{城市}}的{{生活服务}}公司,给我推荐五个沈阳的美容美发服务公司,沈阳,生活服务,美容美发服务,GB/T 4754-2017,国民经济行业分类,O 居民服务、修理和其他服务业,采集后剔除英文流和视频流；题面不添加排除词
LS239,生活服务,给我推荐五个{{城市}}的{{生活服务}}公司,给我推荐五个沈阳的宠物美容服务公司,沈阳,生活服务,宠物美容服务,GB/T 4754-2017,国民经济行业分类,O 居民服务、修理和其他服务业,采集后剔除英文流和视频流；题面不添加排除词
LS240,生活服务,给我推荐五个{{城市}}的{{生活服务}}公司,给我推荐五个沈阳的汽车维修保养服务公司,沈阳,生活服务,汽车维修保养服务,GB/T 4754-2017,国民经济行业分类,O 居民服务、修理和其他服务业,采集后剔除英文流和视频流；题面不添加排除词
LS241,生活服务,给我推荐五个{{城市}}的{{生活服务}}公司,给我推荐五个大连的家政服务公司,大连,生活服务,家政服务,GB/T 4754-2017,国民经济行业分类,O 居民服务、修理和其他服务业,采集后剔除英文流和视频流；题面不添加排除词
LS242,生活服务,给我推荐五个{{城市}}的{{生活服务}}公司,给我推荐五个大连的搬家服务公司,大连,生活服务,搬家服务,GB/T 4754-2017,国民经济行业分类,G 交通运输、仓储和邮政业,采集后剔除英文流和视频流；题面不添加排除词
LS243,生活服务,给我推荐五个{{城市}}的{{生活服务}}公司,给我推荐五个大连的家庭保洁服务公司,大连,生活服务,家庭保洁服务,GB/T 4754-2017,国民经济行业分类,O 居民服务、修理和其他服务业,采集后剔除英文流和视频流；题面不添加排除词
LS244,生活服务,给我推荐五个{{城市}}的{{生活服务}}公司,给我推荐五个大连的月嫂服务公司,大连,生活服务,月嫂服务,GB/T 4754-2017,国民经济行业分类,O 居民服务、修理和其他服务业,采集后剔除英文流和视频流；题面不添加排除词
LS245,生活服务,给我推荐五个{{城市}}的{{生活服务}}公司,给我推荐五个大连的房屋装修服务公司,大连,生活服务,房屋装修服务,GB/T 4754-2017,国民经济行业分类,E 建筑业,采集后剔除英文流和视频流；题面不添加排除词
LS246,生活服务,给我推荐五个{{城市}}的{{生活服务}}公司,给我推荐五个大连的婚庆服务公司,大连,生活服务,婚庆服务,GB/T 4754-2017,国民经济行业分类,O 居民服务、修理和其他服务业,采集后剔除英文流和视频流；题面不添加排除词
LS247,生活服务,给我推荐五个{{城市}}的{{生活服务}}公司,给我推荐五个大连的儿童摄影服务公司,大连,生活服务,儿童摄影服务,GB/T 4754-2017,国民经济行业分类,O 居民服务、修理和其他服务业,采集后剔除英文流和视频流；题面不添加排除词
LS248,生活服务,给我推荐五个{{城市}}的{{生活服务}}公司,给我推荐五个大连的美容美发服务公司,大连,生活服务,美容美发服务,GB/T 4754-2017,国民经济行业分类,O 居民服务、修理和其他服务业,采集后剔除英文流和视频流；题面不添加排除词
LS249,生活服务,给我推荐五个{{城市}}的{{生活服务}}公司,给我推荐五个大连的宠物美容服务公司,大连,生活服务,宠物美容服务,GB/T 4754-2017,国民经济行业分类,O 居民服务、修理和其他服务业,采集后剔除英文流和视频流；题面不添加排除词
LS250,生活服务,给我推荐五个{{城市}}的{{生活服务}}公司,给我推荐五个大连的汽车维修保养服务公司,大连,生活服务,汽车维修保养服务,GB/T 4754-2017,国民经济行业分类,O 居民服务、修理和其他服务业,采集后剔除英文流和视频流；题面不添加排除词
LS251,生活服务,给我推荐五个{{城市}}的{{生活服务}}公司,给我推荐五个哈尔滨的家政服务公司,哈尔滨,生活服务,家政服务,GB/T 4754-2017,国民经济行业分类,O 居民服务、修理和其他服务业,采集后剔除英文流和视频流；题面不添加排除词
LS252,生活服务,给我推荐五个{{城市}}的{{生活服务}}公司,给我推荐五个哈尔滨的搬家服务公司,哈尔滨,生活服务,搬家服务,GB/T 4754-2017,国民经济行业分类,G 交通运输、仓储和邮政业,采集后剔除英文流和视频流；题面不添加排除词
LS253,生活服务,给我推荐五个{{城市}}的{{生活服务}}公司,给我推荐五个哈尔滨的家庭保洁服务公司,哈尔滨,生活服务,家庭保洁服务,GB/T 4754-2017,国民经济行业分类,O 居民服务、修理和其他服务业,采集后剔除英文流和视频流；题面不添加排除词
LS254,生活服务,给我推荐五个{{城市}}的{{生活服务}}公司,给我推荐五个哈尔滨的月嫂服务公司,哈尔滨,生活服务,月嫂服务,GB/T 4754-2017,国民经济行业分类,O 居民服务、修理和其他服务业,采集后剔除英文流和视频流；题面不添加排除词
LS255,生活服务,给我推荐五个{{城市}}的{{生活服务}}公司,给我推荐五个哈尔滨的房屋装修服务公司,哈尔滨,生活服务,房屋装修服务,GB/T 4754-2017,国民经济行业分类,E 建筑业,采集后剔除英文流和视频流；题面不添加排除词
LS256,生活服务,给我推荐五个{{城市}}的{{生活服务}}公司,给我推荐五个哈尔滨的婚庆服务公司,哈尔滨,生活服务,婚庆服务,GB/T 4754-2017,国民经济行业分类,O 居民服务、修理和其他服务业,采集后剔除英文流和视频流；题面不添加排除词
LS257,生活服务,给我推荐五个{{城市}}的{{生活服务}}公司,给我推荐五个哈尔滨的儿童摄影服务公司,哈尔滨,生活服务,儿童摄影服务,GB/T 4754-2017,国民经济行业分类,O 居民服务、修理和其他服务业,采集后剔除英文流和视频流；题面不添加排除词
LS258,生活服务,给我推荐五个{{城市}}的{{生活服务}}公司,给我推荐五个哈尔滨的美容美发服务公司,哈尔滨,生活服务,美容美发服务,GB/T 4754-2017,国民经济行业分类,O 居民服务、修理和其他服务业,采集后剔除英文流和视频流；题面不添加排除词
LS259,生活服务,给我推荐五个{{城市}}的{{生活服务}}公司,给我推荐五个哈尔滨的宠物美容服务公司,哈尔滨,生活服务,宠物美容服务,GB/T 4754-2017,国民经济行业分类,O 居民服务、修理和其他服务业,采集后剔除英文流和视频流；题面不添加排除词
LS260,生活服务,给我推荐五个{{城市}}的{{生活服务}}公司,给我推荐五个哈尔滨的汽车维修保养服务公司,哈尔滨,生活服务,汽车维修保养服务,GB/T 4754-2017,国民经济行业分类,O 居民服务、修理和其他服务业,采集后剔除英文流和视频流；题面不添加排除词
LS261,生活服务,给我推荐五个{{城市}}的{{生活服务}}公司,给我推荐五个长春的家政服务公司,长春,生活服务,家政服务,GB/T 4754-2017,国民经济行业分类,O 居民服务、修理和其他服务业,采集后剔除英文流和视频流；题面不添加排除词
LS262,生活服务,给我推荐五个{{城市}}的{{生活服务}}公司,给我推荐五个长春的搬家服务公司,长春,生活服务,搬家服务,GB/T 4754-2017,国民经济行业分类,G 交通运输、仓储和邮政业,采集后剔除英文流和视频流；题面不添加排除词
LS263,生活服务,给我推荐五个{{城市}}的{{生活服务}}公司,给我推荐五个长春的家庭保洁服务公司,长春,生活服务,家庭保洁服务,GB/T 4754-2017,国民经济行业分类,O 居民服务、修理和其他服务业,采集后剔除英文流和视频流；题面不添加排除词
LS264,生活服务,给我推荐五个{{城市}}的{{生活服务}}公司,给我推荐五个长春的月嫂服务公司,长春,生活服务,月嫂服务,GB/T 4754-2017,国民经济行业分类,O 居民服务、修理和其他服务业,采集后剔除英文流和视频流；题面不添加排除词
LS265,生活服务,给我推荐五个{{城市}}的{{生活服务}}公司,给我推荐五个长春的房屋装修服务公司,长春,生活服务,房屋装修服务,GB/T 4754-2017,国民经济行业分类,E 建筑业,采集后剔除英文流和视频流；题面不添加排除词
LS266,生活服务,给我推荐五个{{城市}}的{{生活服务}}公司,给我推荐五个长春的婚庆服务公司,长春,生活服务,婚庆服务,GB/T 4754-2017,国民经济行业分类,O 居民服务、修理和其他服务业,采集后剔除英文流和视频流；题面不添加排除词
LS267,生活服务,给我推荐五个{{城市}}的{{生活服务}}公司,给我推荐五个长春的儿童摄影服务公司,长春,生活服务,儿童摄影服务,GB/T 4754-2017,国民经济行业分类,O 居民服务、修理和其他服务业,采集后剔除英文流和视频流；题面不添加排除词
LS268,生活服务,给我推荐五个{{城市}}的{{生活服务}}公司,给我推荐五个长春的美容美发服务公司,长春,生活服务,美容美发服务,GB/T 4754-2017,国民经济行业分类,O 居民服务、修理和其他服务业,采集后剔除英文流和视频流；题面不添加排除词
LS269,生活服务,给我推荐五个{{城市}}的{{生活服务}}公司,给我推荐五个长春的宠物美容服务公司,长春,生活服务,宠物美容服务,GB/T 4754-2017,国民经济行业分类,O 居民服务、修理和其他服务业,采集后剔除英文流和视频流；题面不添加排除词
LS270,生活服务,给我推荐五个{{城市}}的{{生活服务}}公司,给我推荐五个长春的汽车维修保养服务公司,长春,生活服务,汽车维修保养服务,GB/T 4754-2017,国民经济行业分类,O 居民服务、修理和其他服务业,采集后剔除英文流和视频流；题面不添加排除词
LS271,生活服务,给我推荐五个{{城市}}的{{生活服务}}公司,给我推荐五个石家庄的家政服务公司,石家庄,生活服务,家政服务,GB/T 4754-2017,国民经济行业分类,O 居民服务、修理和其他服务业,采集后剔除英文流和视频流；题面不添加排除词
LS272,生活服务,给我推荐五个{{城市}}的{{生活服务}}公司,给我推荐五个石家庄的搬家服务公司,石家庄,生活服务,搬家服务,GB/T 4754-2017,国民经济行业分类,G 交通运输、仓储和邮政业,采集后剔除英文流和视频流；题面不添加排除词
LS273,生活服务,给我推荐五个{{城市}}的{{生活服务}}公司,给我推荐五个石家庄的家庭保洁服务公司,石家庄,生活服务,家庭保洁服务,GB/T 4754-2017,国民经济行业分类,O 居民服务、修理和其他服务业,采集后剔除英文流和视频流；题面不添加排除词
LS274,生活服务,给我推荐五个{{城市}}的{{生活服务}}公司,给我推荐五个石家庄的月嫂服务公司,石家庄,生活服务,月嫂服务,GB/T 4754-2017,国民经济行业分类,O 居民服务、修理和其他服务业,采集后剔除英文流和视频流；题面不添加排除词
LS275,生活服务,给我推荐五个{{城市}}的{{生活服务}}公司,给我推荐五个石家庄的房屋装修服务公司,石家庄,生活服务,房屋装修服务,GB/T 4754-2017,国民经济行业分类,E 建筑业,采集后剔除英文流和视频流；题面不添加排除词
LS276,生活服务,给我推荐五个{{城市}}的{{生活服务}}公司,给我推荐五个石家庄的婚庆服务公司,石家庄,生活服务,婚庆服务,GB/T 4754-2017,国民经济行业分类,O 居民服务、修理和其他服务业,采集后剔除英文流和视频流；题面不添加排除词
LS277,生活服务,给我推荐五个{{城市}}的{{生活服务}}公司,给我推荐五个石家庄的儿童摄影服务公司,石家庄,生活服务,儿童摄影服务,GB/T 4754-2017,国民经济行业分类,O 居民服务、修理和其他服务业,采集后剔除英文流和视频流；题面不添加排除词
LS278,生活服务,给我推荐五个{{城市}}的{{生活服务}}公司,给我推荐五个石家庄的美容美发服务公司,石家庄,生活服务,美容美发服务,GB/T 4754-2017,国民经济行业分类,O 居民服务、修理和其他服务业,采集后剔除英文流和视频流；题面不添加排除词
LS279,生活服务,给我推荐五个{{城市}}的{{生活服务}}公司,给我推荐五个石家庄的宠物美容服务公司,石家庄,生活服务,宠物美容服务,GB/T 4754-2017,国民经济行业分类,O 居民服务、修理和其他服务业,采集后剔除英文流和视频流；题面不添加排除词
LS280,生活服务,给我推荐五个{{城市}}的{{生活服务}}公司,给我推荐五个石家庄的汽车维修保养服务公司,石家庄,生活服务,汽车维修保养服务,GB/T 4754-2017,国民经济行业分类,O 居民服务、修理和其他服务业,采集后剔除英文流和视频流；题面不添加排除词
LS281,生活服务,给我推荐五个{{城市}}的{{生活服务}}公司,给我推荐五个太原的家政服务公司,太原,生活服务,家政服务,GB/T 4754-2017,国民经济行业分类,O 居民服务、修理和其他服务业,采集后剔除英文流和视频流；题面不添加排除词
LS282,生活服务,给我推荐五个{{城市}}的{{生活服务}}公司,给我推荐五个太原的搬家服务公司,太原,生活服务,搬家服务,GB/T 4754-2017,国民经济行业分类,G 交通运输、仓储和邮政业,采集后剔除英文流和视频流；题面不添加排除词
LS283,生活服务,给我推荐五个{{城市}}的{{生活服务}}公司,给我推荐五个太原的家庭保洁服务公司,太原,生活服务,家庭保洁服务,GB/T 4754-2017,国民经济行业分类,O 居民服务、修理和其他服务业,采集后剔除英文流和视频流；题面不添加排除词
LS284,生活服务,给我推荐五个{{城市}}的{{生活服务}}公司,给我推荐五个太原的月嫂服务公司,太原,生活服务,月嫂服务,GB/T 4754-2017,国民经济行业分类,O 居民服务、修理和其他服务业,采集后剔除英文流和视频流；题面不添加排除词
LS285,生活服务,给我推荐五个{{城市}}的{{生活服务}}公司,给我推荐五个太原的房屋装修服务公司,太原,生活服务,房屋装修服务,GB/T 4754-2017,国民经济行业分类,E 建筑业,采集后剔除英文流和视频流；题面不添加排除词
LS286,生活服务,给我推荐五个{{城市}}的{{生活服务}}公司,给我推荐五个太原的婚庆服务公司,太原,生活服务,婚庆服务,GB/T 4754-2017,国民经济行业分类,O 居民服务、修理和其他服务业,采集后剔除英文流和视频流；题面不添加排除词
LS287,生活服务,给我推荐五个{{城市}}的{{生活服务}}公司,给我推荐五个太原的儿童摄影服务公司,太原,生活服务,儿童摄影服务,GB/T 4754-2017,国民经济行业分类,O 居民服务、修理和其他服务业,采集后剔除英文流和视频流；题面不添加排除词
LS288,生活服务,给我推荐五个{{城市}}的{{生活服务}}公司,给我推荐五个太原的美容美发服务公司,太原,生活服务,美容美发服务,GB/T 4754-2017,国民经济行业分类,O 居民服务、修理和其他服务业,采集后剔除英文流和视频流；题面不添加排除词
LS289,生活服务,给我推荐五个{{城市}}的{{生活服务}}公司,给我推荐五个太原的宠物美容服务公司,太原,生活服务,宠物美容服务,GB/T 4754-2017,国民经济行业分类,O 居民服务、修理和其他服务业,采集后剔除英文流和视频流；题面不添加排除词
LS290,生活服务,给我推荐五个{{城市}}的{{生活服务}}公司,给我推荐五个太原的汽车维修保养服务公司,太原,生活服务,汽车维修保养服务,GB/T 4754-2017,国民经济行业分类,O 居民服务、修理和其他服务业,采集后剔除英文流和视频流；题面不添加排除词
LS291,生活服务,给我推荐五个{{城市}}的{{生活服务}}公司,给我推荐五个乌鲁木齐的家政服务公司,乌鲁木齐,生活服务,家政服务,GB/T 4754-2017,国民经济行业分类,O 居民服务、修理和其他服务业,采集后剔除英文流和视频流；题面不添加排除词
LS292,生活服务,给我推荐五个{{城市}}的{{生活服务}}公司,给我推荐五个乌鲁木齐的搬家服务公司,乌鲁木齐,生活服务,搬家服务,GB/T 4754-2017,国民经济行业分类,G 交通运输、仓储和邮政业,采集后剔除英文流和视频流；题面不添加排除词
LS293,生活服务,给我推荐五个{{城市}}的{{生活服务}}公司,给我推荐五个乌鲁木齐的家庭保洁服务公司,乌鲁木齐,生活服务,家庭保洁服务,GB/T 4754-2017,国民经济行业分类,O 居民服务、修理和其他服务业,采集后剔除英文流和视频流；题面不添加排除词
LS294,生活服务,给我推荐五个{{城市}}的{{生活服务}}公司,给我推荐五个乌鲁木齐的月嫂服务公司,乌鲁木齐,生活服务,月嫂服务,GB/T 4754-2017,国民经济行业分类,O 居民服务、修理和其他服务业,采集后剔除英文流和视频流；题面不添加排除词
LS295,生活服务,给我推荐五个{{城市}}的{{生活服务}}公司,给我推荐五个乌鲁木齐的房屋装修服务公司,乌鲁木齐,生活服务,房屋装修服务,GB/T 4754-2017,国民经济行业分类,E 建筑业,采集后剔除英文流和视频流；题面不添加排除词
LS296,生活服务,给我推荐五个{{城市}}的{{生活服务}}公司,给我推荐五个乌鲁木齐的婚庆服务公司,乌鲁木齐,生活服务,婚庆服务,GB/T 4754-2017,国民经济行业分类,O 居民服务、修理和其他服务业,采集后剔除英文流和视频流；题面不添加排除词
LS297,生活服务,给我推荐五个{{城市}}的{{生活服务}}公司,给我推荐五个乌鲁木齐的儿童摄影服务公司,乌鲁木齐,生活服务,儿童摄影服务,GB/T 4754-2017,国民经济行业分类,O 居民服务、修理和其他服务业,采集后剔除英文流和视频流；题面不添加排除词
LS298,生活服务,给我推荐五个{{城市}}的{{生活服务}}公司,给我推荐五个乌鲁木齐的美容美发服务公司,乌鲁木齐,生活服务,美容美发服务,GB/T 4754-2017,国民经济行业分类,O 居民服务、修理和其他服务业,采集后剔除英文流和视频流；题面不添加排除词
LS299,生活服务,给我推荐五个{{城市}}的{{生活服务}}公司,给我推荐五个乌鲁木齐的宠物美容服务公司,乌鲁木齐,生活服务,宠物美容服务,GB/T 4754-2017,国民经济行业分类,O 居民服务、修理和其他服务业,采集后剔除英文流和视频流；题面不添加排除词
LS300,生活服务,给我推荐五个{{城市}}的{{生活服务}}公司,给我推荐五个乌鲁木齐的汽车维修保养服务公司,乌鲁木齐,生活服务,汽车维修保养服务,GB/T 4754-2017,国民经济行业分类,O 居民服务、修理和其他服务业,采集后剔除英文流和视频流；题面不添加排除词
LES001,本地企业服务,给我推荐五个{{城市}}做{{企业服务}}的公司,给我推荐五个北京做企业网站建设的公司,北京,企业服务,企业网站建设,GB/T 4754-2017,国民经济行业分类,I 信息传输、软件和信息技术服务业,采集后剔除英文流和视频流；题面不添加排除词
LES002,本地企业服务,给我推荐五个{{城市}}做{{企业服务}}的公司,给我推荐五个北京做公司财税代理的公司,北京,企业服务,公司财税代理,GB/T 4754-2017,国民经济行业分类,L 租赁和商务服务业,采集后剔除英文流和视频流；题面不添加排除词
LES003,本地企业服务,给我推荐五个{{城市}}做{{企业服务}}的公司,给我推荐五个北京做办公室装修的公司,北京,企业服务,办公室装修,GB/T 4754-2017,国民经济行业分类,E 建筑业,采集后剔除英文流和视频流；题面不添加排除词
LES004,本地企业服务,给我推荐五个{{城市}}做{{企业服务}}的公司,给我推荐五个北京做企业法律顾问的公司,北京,企业服务,企业法律顾问,GB/T 4754-2017,国民经济行业分类,L 租赁和商务服务业,采集后剔除英文流和视频流；题面不添加排除词
LES005,本地企业服务,给我推荐五个{{城市}}做{{企业服务}}的公司,给我推荐五个北京做人力资源外包的公司,北京,企业服务,人力资源外包,GB/T 4754-2017,国民经济行业分类,L 租赁和商务服务业,采集后剔除英文流和视频流；题面不添加排除词
LES006,本地企业服务,给我推荐五个{{城市}}做{{企业服务}}的公司,给我推荐五个北京做品牌设计的公司,北京,企业服务,品牌设计,GB/T 4754-2017,国民经济行业分类,M 科学研究和技术服务业,采集后剔除英文流和视频流；题面不添加排除词
LES007,本地企业服务,给我推荐五个{{城市}}做{{企业服务}}的公司,给我推荐五个北京做广告投放代理的公司,北京,企业服务,广告投放代理,GB/T 4754-2017,国民经济行业分类,L 租赁和商务服务业,采集后剔除英文流和视频流；题面不添加排除词
LES008,本地企业服务,给我推荐五个{{城市}}做{{企业服务}}的公司,给我推荐五个北京做互联网营销推广的公司,北京,企业服务,互联网营销推广,GB/T 4754-2017,国民经济行业分类,L 租赁和商务服务业,采集后剔除英文流和视频流；题面不添加排除词
LES009,本地企业服务,给我推荐五个{{城市}}做{{企业服务}}的公司,给我推荐五个北京做软件定制开发的公司,北京,企业服务,软件定制开发,GB/T 4754-2017,国民经济行业分类,I 信息传输、软件和信息技术服务业,采集后剔除英文流和视频流；题面不添加排除词
LES010,本地企业服务,给我推荐五个{{城市}}做{{企业服务}}的公司,给我推荐五个北京做写字楼保洁服务的公司,北京,企业服务,写字楼保洁服务,GB/T 4754-2017,国民经济行业分类,O 居民服务、修理和其他服务业,采集后剔除英文流和视频流；题面不添加排除词
LES011,本地企业服务,给我推荐五个{{城市}}做{{企业服务}}的公司,给我推荐五个上海做企业网站建设的公司,上海,企业服务,企业网站建设,GB/T 4754-2017,国民经济行业分类,I 信息传输、软件和信息技术服务业,采集后剔除英文流和视频流；题面不添加排除词
LES012,本地企业服务,给我推荐五个{{城市}}做{{企业服务}}的公司,给我推荐五个上海做公司财税代理的公司,上海,企业服务,公司财税代理,GB/T 4754-2017,国民经济行业分类,L 租赁和商务服务业,采集后剔除英文流和视频流；题面不添加排除词
LES013,本地企业服务,给我推荐五个{{城市}}做{{企业服务}}的公司,给我推荐五个上海做办公室装修的公司,上海,企业服务,办公室装修,GB/T 4754-2017,国民经济行业分类,E 建筑业,采集后剔除英文流和视频流；题面不添加排除词
LES014,本地企业服务,给我推荐五个{{城市}}做{{企业服务}}的公司,给我推荐五个上海做企业法律顾问的公司,上海,企业服务,企业法律顾问,GB/T 4754-2017,国民经济行业分类,L 租赁和商务服务业,采集后剔除英文流和视频流；题面不添加排除词
LES015,本地企业服务,给我推荐五个{{城市}}做{{企业服务}}的公司,给我推荐五个上海做人力资源外包的公司,上海,企业服务,人力资源外包,GB/T 4754-2017,国民经济行业分类,L 租赁和商务服务业,采集后剔除英文流和视频流；题面不添加排除词
LES016,本地企业服务,给我推荐五个{{城市}}做{{企业服务}}的公司,给我推荐五个上海做品牌设计的公司,上海,企业服务,品牌设计,GB/T 4754-2017,国民经济行业分类,M 科学研究和技术服务业,采集后剔除英文流和视频流；题面不添加排除词
LES017,本地企业服务,给我推荐五个{{城市}}做{{企业服务}}的公司,给我推荐五个上海做广告投放代理的公司,上海,企业服务,广告投放代理,GB/T 4754-2017,国民经济行业分类,L 租赁和商务服务业,采集后剔除英文流和视频流；题面不添加排除词
LES018,本地企业服务,给我推荐五个{{城市}}做{{企业服务}}的公司,给我推荐五个上海做互联网营销推广的公司,上海,企业服务,互联网营销推广,GB/T 4754-2017,国民经济行业分类,L 租赁和商务服务业,采集后剔除英文流和视频流；题面不添加排除词
LES019,本地企业服务,给我推荐五个{{城市}}做{{企业服务}}的公司,给我推荐五个上海做软件定制开发的公司,上海,企业服务,软件定制开发,GB/T 4754-2017,国民经济行业分类,I 信息传输、软件和信息技术服务业,采集后剔除英文流和视频流；题面不添加排除词
LES020,本地企业服务,给我推荐五个{{城市}}做{{企业服务}}的公司,给我推荐五个上海做写字楼保洁服务的公司,上海,企业服务,写字楼保洁服务,GB/T 4754-2017,国民经济行业分类,O 居民服务、修理和其他服务业,采集后剔除英文流和视频流；题面不添加排除词
LES021,本地企业服务,给我推荐五个{{城市}}做{{企业服务}}的公司,给我推荐五个广州做企业网站建设的公司,广州,企业服务,企业网站建设,GB/T 4754-2017,国民经济行业分类,I 信息传输、软件和信息技术服务业,采集后剔除英文流和视频流；题面不添加排除词
LES022,本地企业服务,给我推荐五个{{城市}}做{{企业服务}}的公司,给我推荐五个广州做公司财税代理的公司,广州,企业服务,公司财税代理,GB/T 4754-2017,国民经济行业分类,L 租赁和商务服务业,采集后剔除英文流和视频流；题面不添加排除词
LES023,本地企业服务,给我推荐五个{{城市}}做{{企业服务}}的公司,给我推荐五个广州做办公室装修的公司,广州,企业服务,办公室装修,GB/T 4754-2017,国民经济行业分类,E 建筑业,采集后剔除英文流和视频流；题面不添加排除词
LES024,本地企业服务,给我推荐五个{{城市}}做{{企业服务}}的公司,给我推荐五个广州做企业法律顾问的公司,广州,企业服务,企业法律顾问,GB/T 4754-2017,国民经济行业分类,L 租赁和商务服务业,采集后剔除英文流和视频流；题面不添加排除词
LES025,本地企业服务,给我推荐五个{{城市}}做{{企业服务}}的公司,给我推荐五个广州做人力资源外包的公司,广州,企业服务,人力资源外包,GB/T 4754-2017,国民经济行业分类,L 租赁和商务服务业,采集后剔除英文流和视频流；题面不添加排除词
LES026,本地企业服务,给我推荐五个{{城市}}做{{企业服务}}的公司,给我推荐五个广州做品牌设计的公司,广州,企业服务,品牌设计,GB/T 4754-2017,国民经济行业分类,M 科学研究和技术服务业,采集后剔除英文流和视频流；题面不添加排除词
LES027,本地企业服务,给我推荐五个{{城市}}做{{企业服务}}的公司,给我推荐五个广州做广告投放代理的公司,广州,企业服务,广告投放代理,GB/T 4754-2017,国民经济行业分类,L 租赁和商务服务业,采集后剔除英文流和视频流；题面不添加排除词
LES028,本地企业服务,给我推荐五个{{城市}}做{{企业服务}}的公司,给我推荐五个广州做互联网营销推广的公司,广州,企业服务,互联网营销推广,GB/T 4754-2017,国民经济行业分类,L 租赁和商务服务业,采集后剔除英文流和视频流；题面不添加排除词
LES029,本地企业服务,给我推荐五个{{城市}}做{{企业服务}}的公司,给我推荐五个广州做软件定制开发的公司,广州,企业服务,软件定制开发,GB/T 4754-2017,国民经济行业分类,I 信息传输、软件和信息技术服务业,采集后剔除英文流和视频流；题面不添加排除词
LES030,本地企业服务,给我推荐五个{{城市}}做{{企业服务}}的公司,给我推荐五个广州做写字楼保洁服务的公司,广州,企业服务,写字楼保洁服务,GB/T 4754-2017,国民经济行业分类,O 居民服务、修理和其他服务业,采集后剔除英文流和视频流；题面不添加排除词
LES031,本地企业服务,给我推荐五个{{城市}}做{{企业服务}}的公司,给我推荐五个深圳做企业网站建设的公司,深圳,企业服务,企业网站建设,GB/T 4754-2017,国民经济行业分类,I 信息传输、软件和信息技术服务业,采集后剔除英文流和视频流；题面不添加排除词
LES032,本地企业服务,给我推荐五个{{城市}}做{{企业服务}}的公司,给我推荐五个深圳做公司财税代理的公司,深圳,企业服务,公司财税代理,GB/T 4754-2017,国民经济行业分类,L 租赁和商务服务业,采集后剔除英文流和视频流；题面不添加排除词
LES033,本地企业服务,给我推荐五个{{城市}}做{{企业服务}}的公司,给我推荐五个深圳做办公室装修的公司,深圳,企业服务,办公室装修,GB/T 4754-2017,国民经济行业分类,E 建筑业,采集后剔除英文流和视频流；题面不添加排除词
LES034,本地企业服务,给我推荐五个{{城市}}做{{企业服务}}的公司,给我推荐五个深圳做企业法律顾问的公司,深圳,企业服务,企业法律顾问,GB/T 4754-2017,国民经济行业分类,L 租赁和商务服务业,采集后剔除英文流和视频流；题面不添加排除词
LES035,本地企业服务,给我推荐五个{{城市}}做{{企业服务}}的公司,给我推荐五个深圳做人力资源外包的公司,深圳,企业服务,人力资源外包,GB/T 4754-2017,国民经济行业分类,L 租赁和商务服务业,采集后剔除英文流和视频流；题面不添加排除词
LES036,本地企业服务,给我推荐五个{{城市}}做{{企业服务}}的公司,给我推荐五个深圳做品牌设计的公司,深圳,企业服务,品牌设计,GB/T 4754-2017,国民经济行业分类,M 科学研究和技术服务业,采集后剔除英文流和视频流；题面不添加排除词
LES037,本地企业服务,给我推荐五个{{城市}}做{{企业服务}}的公司,给我推荐五个深圳做广告投放代理的公司,深圳,企业服务,广告投放代理,GB/T 4754-2017,国民经济行业分类,L 租赁和商务服务业,采集后剔除英文流和视频流；题面不添加排除词
LES038,本地企业服务,给我推荐五个{{城市}}做{{企业服务}}的公司,给我推荐五个深圳做互联网营销推广的公司,深圳,企业服务,互联网营销推广,GB/T 4754-2017,国民经济行业分类,L 租赁和商务服务业,采集后剔除英文流和视频流；题面不添加排除词
LES039,本地企业服务,给我推荐五个{{城市}}做{{企业服务}}的公司,给我推荐五个深圳做软件定制开发的公司,深圳,企业服务,软件定制开发,GB/T 4754-2017,国民经济行业分类,I 信息传输、软件和信息技术服务业,采集后剔除英文流和视频流；题面不添加排除词
LES040,本地企业服务,给我推荐五个{{城市}}做{{企业服务}}的公司,给我推荐五个深圳做写字楼保洁服务的公司,深圳,企业服务,写字楼保洁服务,GB/T 4754-2017,国民经济行业分类,O 居民服务、修理和其他服务业,采集后剔除英文流和视频流；题面不添加排除词
LES041,本地企业服务,给我推荐五个{{城市}}做{{企业服务}}的公司,给我推荐五个杭州做企业网站建设的公司,杭州,企业服务,企业网站建设,GB/T 4754-2017,国民经济行业分类,I 信息传输、软件和信息技术服务业,采集后剔除英文流和视频流；题面不添加排除词
LES042,本地企业服务,给我推荐五个{{城市}}做{{企业服务}}的公司,给我推荐五个杭州做公司财税代理的公司,杭州,企业服务,公司财税代理,GB/T 4754-2017,国民经济行业分类,L 租赁和商务服务业,采集后剔除英文流和视频流；题面不添加排除词
LES043,本地企业服务,给我推荐五个{{城市}}做{{企业服务}}的公司,给我推荐五个杭州做办公室装修的公司,杭州,企业服务,办公室装修,GB/T 4754-2017,国民经济行业分类,E 建筑业,采集后剔除英文流和视频流；题面不添加排除词
LES044,本地企业服务,给我推荐五个{{城市}}做{{企业服务}}的公司,给我推荐五个杭州做企业法律顾问的公司,杭州,企业服务,企业法律顾问,GB/T 4754-2017,国民经济行业分类,L 租赁和商务服务业,采集后剔除英文流和视频流；题面不添加排除词
LES045,本地企业服务,给我推荐五个{{城市}}做{{企业服务}}的公司,给我推荐五个杭州做人力资源外包的公司,杭州,企业服务,人力资源外包,GB/T 4754-2017,国民经济行业分类,L 租赁和商务服务业,采集后剔除英文流和视频流；题面不添加排除词
LES046,本地企业服务,给我推荐五个{{城市}}做{{企业服务}}的公司,给我推荐五个杭州做品牌设计的公司,杭州,企业服务,品牌设计,GB/T 4754-2017,国民经济行业分类,M 科学研究和技术服务业,采集后剔除英文流和视频流；题面不添加排除词
LES047,本地企业服务,给我推荐五个{{城市}}做{{企业服务}}的公司,给我推荐五个杭州做广告投放代理的公司,杭州,企业服务,广告投放代理,GB/T 4754-2017,国民经济行业分类,L 租赁和商务服务业,采集后剔除英文流和视频流；题面不添加排除词
LES048,本地企业服务,给我推荐五个{{城市}}做{{企业服务}}的公司,给我推荐五个杭州做互联网营销推广的公司,杭州,企业服务,互联网营销推广,GB/T 4754-2017,国民经济行业分类,L 租赁和商务服务业,采集后剔除英文流和视频流；题面不添加排除词
LES049,本地企业服务,给我推荐五个{{城市}}做{{企业服务}}的公司,给我推荐五个杭州做软件定制开发的公司,杭州,企业服务,软件定制开发,GB/T 4754-2017,国民经济行业分类,I 信息传输、软件和信息技术服务业,采集后剔除英文流和视频流；题面不添加排除词
LES050,本地企业服务,给我推荐五个{{城市}}做{{企业服务}}的公司,给我推荐五个杭州做写字楼保洁服务的公司,杭州,企业服务,写字楼保洁服务,GB/T 4754-2017,国民经济行业分类,O 居民服务、修理和其他服务业,采集后剔除英文流和视频流；题面不添加排除词
LES051,本地企业服务,给我推荐五个{{城市}}做{{企业服务}}的公司,给我推荐五个南京做企业网站建设的公司,南京,企业服务,企业网站建设,GB/T 4754-2017,国民经济行业分类,I 信息传输、软件和信息技术服务业,采集后剔除英文流和视频流；题面不添加排除词
LES052,本地企业服务,给我推荐五个{{城市}}做{{企业服务}}的公司,给我推荐五个南京做公司财税代理的公司,南京,企业服务,公司财税代理,GB/T 4754-2017,国民经济行业分类,L 租赁和商务服务业,采集后剔除英文流和视频流；题面不添加排除词
LES053,本地企业服务,给我推荐五个{{城市}}做{{企业服务}}的公司,给我推荐五个南京做办公室装修的公司,南京,企业服务,办公室装修,GB/T 4754-2017,国民经济行业分类,E 建筑业,采集后剔除英文流和视频流；题面不添加排除词
LES054,本地企业服务,给我推荐五个{{城市}}做{{企业服务}}的公司,给我推荐五个南京做企业法律顾问的公司,南京,企业服务,企业法律顾问,GB/T 4754-2017,国民经济行业分类,L 租赁和商务服务业,采集后剔除英文流和视频流；题面不添加排除词
LES055,本地企业服务,给我推荐五个{{城市}}做{{企业服务}}的公司,给我推荐五个南京做人力资源外包的公司,南京,企业服务,人力资源外包,GB/T 4754-2017,国民经济行业分类,L 租赁和商务服务业,采集后剔除英文流和视频流；题面不添加排除词
LES056,本地企业服务,给我推荐五个{{城市}}做{{企业服务}}的公司,给我推荐五个南京做品牌设计的公司,南京,企业服务,品牌设计,GB/T 4754-2017,国民经济行业分类,M 科学研究和技术服务业,采集后剔除英文流和视频流；题面不添加排除词
LES057,本地企业服务,给我推荐五个{{城市}}做{{企业服务}}的公司,给我推荐五个南京做广告投放代理的公司,南京,企业服务,广告投放代理,GB/T 4754-2017,国民经济行业分类,L 租赁和商务服务业,采集后剔除英文流和视频流；题面不添加排除词
LES058,本地企业服务,给我推荐五个{{城市}}做{{企业服务}}的公司,给我推荐五个南京做互联网营销推广的公司,南京,企业服务,互联网营销推广,GB/T 4754-2017,国民经济行业分类,L 租赁和商务服务业,采集后剔除英文流和视频流；题面不添加排除词
LES059,本地企业服务,给我推荐五个{{城市}}做{{企业服务}}的公司,给我推荐五个南京做软件定制开发的公司,南京,企业服务,软件定制开发,GB/T 4754-2017,国民经济行业分类,I 信息传输、软件和信息技术服务业,采集后剔除英文流和视频流；题面不添加排除词
LES060,本地企业服务,给我推荐五个{{城市}}做{{企业服务}}的公司,给我推荐五个南京做写字楼保洁服务的公司,南京,企业服务,写字楼保洁服务,GB/T 4754-2017,国民经济行业分类,O 居民服务、修理和其他服务业,采集后剔除英文流和视频流；题面不添加排除词
LES061,本地企业服务,给我推荐五个{{城市}}做{{企业服务}}的公司,给我推荐五个苏州做企业网站建设的公司,苏州,企业服务,企业网站建设,GB/T 4754-2017,国民经济行业分类,I 信息传输、软件和信息技术服务业,采集后剔除英文流和视频流；题面不添加排除词
LES062,本地企业服务,给我推荐五个{{城市}}做{{企业服务}}的公司,给我推荐五个苏州做公司财税代理的公司,苏州,企业服务,公司财税代理,GB/T 4754-2017,国民经济行业分类,L 租赁和商务服务业,采集后剔除英文流和视频流；题面不添加排除词
LES063,本地企业服务,给我推荐五个{{城市}}做{{企业服务}}的公司,给我推荐五个苏州做办公室装修的公司,苏州,企业服务,办公室装修,GB/T 4754-2017,国民经济行业分类,E 建筑业,采集后剔除英文流和视频流；题面不添加排除词
LES064,本地企业服务,给我推荐五个{{城市}}做{{企业服务}}的公司,给我推荐五个苏州做企业法律顾问的公司,苏州,企业服务,企业法律顾问,GB/T 4754-2017,国民经济行业分类,L 租赁和商务服务业,采集后剔除英文流和视频流；题面不添加排除词
LES065,本地企业服务,给我推荐五个{{城市}}做{{企业服务}}的公司,给我推荐五个苏州做人力资源外包的公司,苏州,企业服务,人力资源外包,GB/T 4754-2017,国民经济行业分类,L 租赁和商务服务业,采集后剔除英文流和视频流；题面不添加排除词
LES066,本地企业服务,给我推荐五个{{城市}}做{{企业服务}}的公司,给我推荐五个苏州做品牌设计的公司,苏州,企业服务,品牌设计,GB/T 4754-2017,国民经济行业分类,M 科学研究和技术服务业,采集后剔除英文流和视频流；题面不添加排除词
LES067,本地企业服务,给我推荐五个{{城市}}做{{企业服务}}的公司,给我推荐五个苏州做广告投放代理的公司,苏州,企业服务,广告投放代理,GB/T 4754-2017,国民经济行业分类,L 租赁和商务服务业,采集后剔除英文流和视频流；题面不添加排除词
LES068,本地企业服务,给我推荐五个{{城市}}做{{企业服务}}的公司,给我推荐五个苏州做互联网营销推广的公司,苏州,企业服务,互联网营销推广,GB/T 4754-2017,国民经济行业分类,L 租赁和商务服务业,采集后剔除英文流和视频流；题面不添加排除词
LES069,本地企业服务,给我推荐五个{{城市}}做{{企业服务}}的公司,给我推荐五个苏州做软件定制开发的公司,苏州,企业服务,软件定制开发,GB/T 4754-2017,国民经济行业分类,I 信息传输、软件和信息技术服务业,采集后剔除英文流和视频流；题面不添加排除词
LES070,本地企业服务,给我推荐五个{{城市}}做{{企业服务}}的公司,给我推荐五个苏州做写字楼保洁服务的公司,苏州,企业服务,写字楼保洁服务,GB/T 4754-2017,国民经济行业分类,O 居民服务、修理和其他服务业,采集后剔除英文流和视频流；题面不添加排除词
LES071,本地企业服务,给我推荐五个{{城市}}做{{企业服务}}的公司,给我推荐五个成都做企业网站建设的公司,成都,企业服务,企业网站建设,GB/T 4754-2017,国民经济行业分类,I 信息传输、软件和信息技术服务业,采集后剔除英文流和视频流；题面不添加排除词
LES072,本地企业服务,给我推荐五个{{城市}}做{{企业服务}}的公司,给我推荐五个成都做公司财税代理的公司,成都,企业服务,公司财税代理,GB/T 4754-2017,国民经济行业分类,L 租赁和商务服务业,采集后剔除英文流和视频流；题面不添加排除词
LES073,本地企业服务,给我推荐五个{{城市}}做{{企业服务}}的公司,给我推荐五个成都做办公室装修的公司,成都,企业服务,办公室装修,GB/T 4754-2017,国民经济行业分类,E 建筑业,采集后剔除英文流和视频流；题面不添加排除词
LES074,本地企业服务,给我推荐五个{{城市}}做{{企业服务}}的公司,给我推荐五个成都做企业法律顾问的公司,成都,企业服务,企业法律顾问,GB/T 4754-2017,国民经济行业分类,L 租赁和商务服务业,采集后剔除英文流和视频流；题面不添加排除词
LES075,本地企业服务,给我推荐五个{{城市}}做{{企业服务}}的公司,给我推荐五个成都做人力资源外包的公司,成都,企业服务,人力资源外包,GB/T 4754-2017,国民经济行业分类,L 租赁和商务服务业,采集后剔除英文流和视频流；题面不添加排除词
LES076,本地企业服务,给我推荐五个{{城市}}做{{企业服务}}的公司,给我推荐五个成都做品牌设计的公司,成都,企业服务,品牌设计,GB/T 4754-2017,国民经济行业分类,M 科学研究和技术服务业,采集后剔除英文流和视频流；题面不添加排除词
LES077,本地企业服务,给我推荐五个{{城市}}做{{企业服务}}的公司,给我推荐五个成都做广告投放代理的公司,成都,企业服务,广告投放代理,GB/T 4754-2017,国民经济行业分类,L 租赁和商务服务业,采集后剔除英文流和视频流；题面不添加排除词
LES078,本地企业服务,给我推荐五个{{城市}}做{{企业服务}}的公司,给我推荐五个成都做互联网营销推广的公司,成都,企业服务,互联网营销推广,GB/T 4754-2017,国民经济行业分类,L 租赁和商务服务业,采集后剔除英文流和视频流；题面不添加排除词
LES079,本地企业服务,给我推荐五个{{城市}}做{{企业服务}}的公司,给我推荐五个成都做软件定制开发的公司,成都,企业服务,软件定制开发,GB/T 4754-2017,国民经济行业分类,I 信息传输、软件和信息技术服务业,采集后剔除英文流和视频流；题面不添加排除词
LES080,本地企业服务,给我推荐五个{{城市}}做{{企业服务}}的公司,给我推荐五个成都做写字楼保洁服务的公司,成都,企业服务,写字楼保洁服务,GB/T 4754-2017,国民经济行业分类,O 居民服务、修理和其他服务业,采集后剔除英文流和视频流；题面不添加排除词
LES081,本地企业服务,给我推荐五个{{城市}}做{{企业服务}}的公司,给我推荐五个重庆做企业网站建设的公司,重庆,企业服务,企业网站建设,GB/T 4754-2017,国民经济行业分类,I 信息传输、软件和信息技术服务业,采集后剔除英文流和视频流；题面不添加排除词
LES082,本地企业服务,给我推荐五个{{城市}}做{{企业服务}}的公司,给我推荐五个重庆做公司财税代理的公司,重庆,企业服务,公司财税代理,GB/T 4754-2017,国民经济行业分类,L 租赁和商务服务业,采集后剔除英文流和视频流；题面不添加排除词
LES083,本地企业服务,给我推荐五个{{城市}}做{{企业服务}}的公司,给我推荐五个重庆做办公室装修的公司,重庆,企业服务,办公室装修,GB/T 4754-2017,国民经济行业分类,E 建筑业,采集后剔除英文流和视频流；题面不添加排除词
LES084,本地企业服务,给我推荐五个{{城市}}做{{企业服务}}的公司,给我推荐五个重庆做企业法律顾问的公司,重庆,企业服务,企业法律顾问,GB/T 4754-2017,国民经济行业分类,L 租赁和商务服务业,采集后剔除英文流和视频流；题面不添加排除词
LES085,本地企业服务,给我推荐五个{{城市}}做{{企业服务}}的公司,给我推荐五个重庆做人力资源外包的公司,重庆,企业服务,人力资源外包,GB/T 4754-2017,国民经济行业分类,L 租赁和商务服务业,采集后剔除英文流和视频流；题面不添加排除词
LES086,本地企业服务,给我推荐五个{{城市}}做{{企业服务}}的公司,给我推荐五个重庆做品牌设计的公司,重庆,企业服务,品牌设计,GB/T 4754-2017,国民经济行业分类,M 科学研究和技术服务业,采集后剔除英文流和视频流；题面不添加排除词
LES087,本地企业服务,给我推荐五个{{城市}}做{{企业服务}}的公司,给我推荐五个重庆做广告投放代理的公司,重庆,企业服务,广告投放代理,GB/T 4754-2017,国民经济行业分类,L 租赁和商务服务业,采集后剔除英文流和视频流；题面不添加排除词
LES088,本地企业服务,给我推荐五个{{城市}}做{{企业服务}}的公司,给我推荐五个重庆做互联网营销推广的公司,重庆,企业服务,互联网营销推广,GB/T 4754-2017,国民经济行业分类,L 租赁和商务服务业,采集后剔除英文流和视频流；题面不添加排除词
LES089,本地企业服务,给我推荐五个{{城市}}做{{企业服务}}的公司,给我推荐五个重庆做软件定制开发的公司,重庆,企业服务,软件定制开发,GB/T 4754-2017,国民经济行业分类,I 信息传输、软件和信息技术服务业,采集后剔除英文流和视频流；题面不添加排除词
LES090,本地企业服务,给我推荐五个{{城市}}做{{企业服务}}的公司,给我推荐五个重庆做写字楼保洁服务的公司,重庆,企业服务,写字楼保洁服务,GB/T 4754-2017,国民经济行业分类,O 居民服务、修理和其他服务业,采集后剔除英文流和视频流；题面不添加排除词
LES091,本地企业服务,给我推荐五个{{城市}}做{{企业服务}}的公司,给我推荐五个武汉做企业网站建设的公司,武汉,企业服务,企业网站建设,GB/T 4754-2017,国民经济行业分类,I 信息传输、软件和信息技术服务业,采集后剔除英文流和视频流；题面不添加排除词
LES092,本地企业服务,给我推荐五个{{城市}}做{{企业服务}}的公司,给我推荐五个武汉做公司财税代理的公司,武汉,企业服务,公司财税代理,GB/T 4754-2017,国民经济行业分类,L 租赁和商务服务业,采集后剔除英文流和视频流；题面不添加排除词
LES093,本地企业服务,给我推荐五个{{城市}}做{{企业服务}}的公司,给我推荐五个武汉做办公室装修的公司,武汉,企业服务,办公室装修,GB/T 4754-2017,国民经济行业分类,E 建筑业,采集后剔除英文流和视频流；题面不添加排除词
LES094,本地企业服务,给我推荐五个{{城市}}做{{企业服务}}的公司,给我推荐五个武汉做企业法律顾问的公司,武汉,企业服务,企业法律顾问,GB/T 4754-2017,国民经济行业分类,L 租赁和商务服务业,采集后剔除英文流和视频流；题面不添加排除词
LES095,本地企业服务,给我推荐五个{{城市}}做{{企业服务}}的公司,给我推荐五个武汉做人力资源外包的公司,武汉,企业服务,人力资源外包,GB/T 4754-2017,国民经济行业分类,L 租赁和商务服务业,采集后剔除英文流和视频流；题面不添加排除词
LES096,本地企业服务,给我推荐五个{{城市}}做{{企业服务}}的公司,给我推荐五个武汉做品牌设计的公司,武汉,企业服务,品牌设计,GB/T 4754-2017,国民经济行业分类,M 科学研究和技术服务业,采集后剔除英文流和视频流；题面不添加排除词
LES097,本地企业服务,给我推荐五个{{城市}}做{{企业服务}}的公司,给我推荐五个武汉做广告投放代理的公司,武汉,企业服务,广告投放代理,GB/T 4754-2017,国民经济行业分类,L 租赁和商务服务业,采集后剔除英文流和视频流；题面不添加排除词
LES098,本地企业服务,给我推荐五个{{城市}}做{{企业服务}}的公司,给我推荐五个武汉做互联网营销推广的公司,武汉,企业服务,互联网营销推广,GB/T 4754-2017,国民经济行业分类,L 租赁和商务服务业,采集后剔除英文流和视频流；题面不添加排除词
LES099,本地企业服务,给我推荐五个{{城市}}做{{企业服务}}的公司,给我推荐五个武汉做软件定制开发的公司,武汉,企业服务,软件定制开发,GB/T 4754-2017,国民经济行业分类,I 信息传输、软件和信息技术服务业,采集后剔除英文流和视频流；题面不添加排除词
LES100,本地企业服务,给我推荐五个{{城市}}做{{企业服务}}的公司,给我推荐五个武汉做写字楼保洁服务的公司,武汉,企业服务,写字楼保洁服务,GB/T 4754-2017,国民经济行业分类,O 居民服务、修理和其他服务业,采集后剔除英文流和视频流；题面不添加排除词
LES101,本地企业服务,给我推荐五个{{城市}}做{{企业服务}}的公司,给我推荐五个西安做企业网站建设的公司,西安,企业服务,企业网站建设,GB/T 4754-2017,国民经济行业分类,I 信息传输、软件和信息技术服务业,采集后剔除英文流和视频流；题面不添加排除词
LES102,本地企业服务,给我推荐五个{{城市}}做{{企业服务}}的公司,给我推荐五个西安做公司财税代理的公司,西安,企业服务,公司财税代理,GB/T 4754-2017,国民经济行业分类,L 租赁和商务服务业,采集后剔除英文流和视频流；题面不添加排除词
LES103,本地企业服务,给我推荐五个{{城市}}做{{企业服务}}的公司,给我推荐五个西安做办公室装修的公司,西安,企业服务,办公室装修,GB/T 4754-2017,国民经济行业分类,E 建筑业,采集后剔除英文流和视频流；题面不添加排除词
LES104,本地企业服务,给我推荐五个{{城市}}做{{企业服务}}的公司,给我推荐五个西安做企业法律顾问的公司,西安,企业服务,企业法律顾问,GB/T 4754-2017,国民经济行业分类,L 租赁和商务服务业,采集后剔除英文流和视频流；题面不添加排除词
LES105,本地企业服务,给我推荐五个{{城市}}做{{企业服务}}的公司,给我推荐五个西安做人力资源外包的公司,西安,企业服务,人力资源外包,GB/T 4754-2017,国民经济行业分类,L 租赁和商务服务业,采集后剔除英文流和视频流；题面不添加排除词
LES106,本地企业服务,给我推荐五个{{城市}}做{{企业服务}}的公司,给我推荐五个西安做品牌设计的公司,西安,企业服务,品牌设计,GB/T 4754-2017,国民经济行业分类,M 科学研究和技术服务业,采集后剔除英文流和视频流；题面不添加排除词
LES107,本地企业服务,给我推荐五个{{城市}}做{{企业服务}}的公司,给我推荐五个西安做广告投放代理的公司,西安,企业服务,广告投放代理,GB/T 4754-2017,国民经济行业分类,L 租赁和商务服务业,采集后剔除英文流和视频流；题面不添加排除词
LES108,本地企业服务,给我推荐五个{{城市}}做{{企业服务}}的公司,给我推荐五个西安做互联网营销推广的公司,西安,企业服务,互联网营销推广,GB/T 4754-2017,国民经济行业分类,L 租赁和商务服务业,采集后剔除英文流和视频流；题面不添加排除词
LES109,本地企业服务,给我推荐五个{{城市}}做{{企业服务}}的公司,给我推荐五个西安做软件定制开发的公司,西安,企业服务,软件定制开发,GB/T 4754-2017,国民经济行业分类,I 信息传输、软件和信息技术服务业,采集后剔除英文流和视频流；题面不添加排除词
LES110,本地企业服务,给我推荐五个{{城市}}做{{企业服务}}的公司,给我推荐五个西安做写字楼保洁服务的公司,西安,企业服务,写字楼保洁服务,GB/T 4754-2017,国民经济行业分类,O 居民服务、修理和其他服务业,采集后剔除英文流和视频流；题面不添加排除词
LES111,本地企业服务,给我推荐五个{{城市}}做{{企业服务}}的公司,给我推荐五个郑州做企业网站建设的公司,郑州,企业服务,企业网站建设,GB/T 4754-2017,国民经济行业分类,I 信息传输、软件和信息技术服务业,采集后剔除英文流和视频流；题面不添加排除词
LES112,本地企业服务,给我推荐五个{{城市}}做{{企业服务}}的公司,给我推荐五个郑州做公司财税代理的公司,郑州,企业服务,公司财税代理,GB/T 4754-2017,国民经济行业分类,L 租赁和商务服务业,采集后剔除英文流和视频流；题面不添加排除词
LES113,本地企业服务,给我推荐五个{{城市}}做{{企业服务}}的公司,给我推荐五个郑州做办公室装修的公司,郑州,企业服务,办公室装修,GB/T 4754-2017,国民经济行业分类,E 建筑业,采集后剔除英文流和视频流；题面不添加排除词
LES114,本地企业服务,给我推荐五个{{城市}}做{{企业服务}}的公司,给我推荐五个郑州做企业法律顾问的公司,郑州,企业服务,企业法律顾问,GB/T 4754-2017,国民经济行业分类,L 租赁和商务服务业,采集后剔除英文流和视频流；题面不添加排除词
LES115,本地企业服务,给我推荐五个{{城市}}做{{企业服务}}的公司,给我推荐五个郑州做人力资源外包的公司,郑州,企业服务,人力资源外包,GB/T 4754-2017,国民经济行业分类,L 租赁和商务服务业,采集后剔除英文流和视频流；题面不添加排除词
LES116,本地企业服务,给我推荐五个{{城市}}做{{企业服务}}的公司,给我推荐五个郑州做品牌设计的公司,郑州,企业服务,品牌设计,GB/T 4754-2017,国民经济行业分类,M 科学研究和技术服务业,采集后剔除英文流和视频流；题面不添加排除词
LES117,本地企业服务,给我推荐五个{{城市}}做{{企业服务}}的公司,给我推荐五个郑州做广告投放代理的公司,郑州,企业服务,广告投放代理,GB/T 4754-2017,国民经济行业分类,L 租赁和商务服务业,采集后剔除英文流和视频流；题面不添加排除词
LES118,本地企业服务,给我推荐五个{{城市}}做{{企业服务}}的公司,给我推荐五个郑州做互联网营销推广的公司,郑州,企业服务,互联网营销推广,GB/T 4754-2017,国民经济行业分类,L 租赁和商务服务业,采集后剔除英文流和视频流；题面不添加排除词
LES119,本地企业服务,给我推荐五个{{城市}}做{{企业服务}}的公司,给我推荐五个郑州做软件定制开发的公司,郑州,企业服务,软件定制开发,GB/T 4754-2017,国民经济行业分类,I 信息传输、软件和信息技术服务业,采集后剔除英文流和视频流；题面不添加排除词
LES120,本地企业服务,给我推荐五个{{城市}}做{{企业服务}}的公司,给我推荐五个郑州做写字楼保洁服务的公司,郑州,企业服务,写字楼保洁服务,GB/T 4754-2017,国民经济行业分类,O 居民服务、修理和其他服务业,采集后剔除英文流和视频流；题面不添加排除词
LES121,本地企业服务,给我推荐五个{{城市}}做{{企业服务}}的公司,给我推荐五个长沙做企业网站建设的公司,长沙,企业服务,企业网站建设,GB/T 4754-2017,国民经济行业分类,I 信息传输、软件和信息技术服务业,采集后剔除英文流和视频流；题面不添加排除词
LES122,本地企业服务,给我推荐五个{{城市}}做{{企业服务}}的公司,给我推荐五个长沙做公司财税代理的公司,长沙,企业服务,公司财税代理,GB/T 4754-2017,国民经济行业分类,L 租赁和商务服务业,采集后剔除英文流和视频流；题面不添加排除词
LES123,本地企业服务,给我推荐五个{{城市}}做{{企业服务}}的公司,给我推荐五个长沙做办公室装修的公司,长沙,企业服务,办公室装修,GB/T 4754-2017,国民经济行业分类,E 建筑业,采集后剔除英文流和视频流；题面不添加排除词
LES124,本地企业服务,给我推荐五个{{城市}}做{{企业服务}}的公司,给我推荐五个长沙做企业法律顾问的公司,长沙,企业服务,企业法律顾问,GB/T 4754-2017,国民经济行业分类,L 租赁和商务服务业,采集后剔除英文流和视频流；题面不添加排除词
LES125,本地企业服务,给我推荐五个{{城市}}做{{企业服务}}的公司,给我推荐五个长沙做人力资源外包的公司,长沙,企业服务,人力资源外包,GB/T 4754-2017,国民经济行业分类,L 租赁和商务服务业,采集后剔除英文流和视频流；题面不添加排除词
LES126,本地企业服务,给我推荐五个{{城市}}做{{企业服务}}的公司,给我推荐五个长沙做品牌设计的公司,长沙,企业服务,品牌设计,GB/T 4754-2017,国民经济行业分类,M 科学研究和技术服务业,采集后剔除英文流和视频流；题面不添加排除词
LES127,本地企业服务,给我推荐五个{{城市}}做{{企业服务}}的公司,给我推荐五个长沙做广告投放代理的公司,长沙,企业服务,广告投放代理,GB/T 4754-2017,国民经济行业分类,L 租赁和商务服务业,采集后剔除英文流和视频流；题面不添加排除词
LES128,本地企业服务,给我推荐五个{{城市}}做{{企业服务}}的公司,给我推荐五个长沙做互联网营销推广的公司,长沙,企业服务,互联网营销推广,GB/T 4754-2017,国民经济行业分类,L 租赁和商务服务业,采集后剔除英文流和视频流；题面不添加排除词
LES129,本地企业服务,给我推荐五个{{城市}}做{{企业服务}}的公司,给我推荐五个长沙做软件定制开发的公司,长沙,企业服务,软件定制开发,GB/T 4754-2017,国民经济行业分类,I 信息传输、软件和信息技术服务业,采集后剔除英文流和视频流；题面不添加排除词
LES130,本地企业服务,给我推荐五个{{城市}}做{{企业服务}}的公司,给我推荐五个长沙做写字楼保洁服务的公司,长沙,企业服务,写字楼保洁服务,GB/T 4754-2017,国民经济行业分类,O 居民服务、修理和其他服务业,采集后剔除英文流和视频流；题面不添加排除词
LES131,本地企业服务,给我推荐五个{{城市}}做{{企业服务}}的公司,给我推荐五个青岛做企业网站建设的公司,青岛,企业服务,企业网站建设,GB/T 4754-2017,国民经济行业分类,I 信息传输、软件和信息技术服务业,采集后剔除英文流和视频流；题面不添加排除词
LES132,本地企业服务,给我推荐五个{{城市}}做{{企业服务}}的公司,给我推荐五个青岛做公司财税代理的公司,青岛,企业服务,公司财税代理,GB/T 4754-2017,国民经济行业分类,L 租赁和商务服务业,采集后剔除英文流和视频流；题面不添加排除词
LES133,本地企业服务,给我推荐五个{{城市}}做{{企业服务}}的公司,给我推荐五个青岛做办公室装修的公司,青岛,企业服务,办公室装修,GB/T 4754-2017,国民经济行业分类,E 建筑业,采集后剔除英文流和视频流；题面不添加排除词
LES134,本地企业服务,给我推荐五个{{城市}}做{{企业服务}}的公司,给我推荐五个青岛做企业法律顾问的公司,青岛,企业服务,企业法律顾问,GB/T 4754-2017,国民经济行业分类,L 租赁和商务服务业,采集后剔除英文流和视频流；题面不添加排除词
LES135,本地企业服务,给我推荐五个{{城市}}做{{企业服务}}的公司,给我推荐五个青岛做人力资源外包的公司,青岛,企业服务,人力资源外包,GB/T 4754-2017,国民经济行业分类,L 租赁和商务服务业,采集后剔除英文流和视频流；题面不添加排除词
LES136,本地企业服务,给我推荐五个{{城市}}做{{企业服务}}的公司,给我推荐五个青岛做品牌设计的公司,青岛,企业服务,品牌设计,GB/T 4754-2017,国民经济行业分类,M 科学研究和技术服务业,采集后剔除英文流和视频流；题面不添加排除词
LES137,本地企业服务,给我推荐五个{{城市}}做{{企业服务}}的公司,给我推荐五个青岛做广告投放代理的公司,青岛,企业服务,广告投放代理,GB/T 4754-2017,国民经济行业分类,L 租赁和商务服务业,采集后剔除英文流和视频流；题面不添加排除词
LES138,本地企业服务,给我推荐五个{{城市}}做{{企业服务}}的公司,给我推荐五个青岛做互联网营销推广的公司,青岛,企业服务,互联网营销推广,GB/T 4754-2017,国民经济行业分类,L 租赁和商务服务业,采集后剔除英文流和视频流；题面不添加排除词
LES139,本地企业服务,给我推荐五个{{城市}}做{{企业服务}}的公司,给我推荐五个青岛做软件定制开发的公司,青岛,企业服务,软件定制开发,GB/T 4754-2017,国民经济行业分类,I 信息传输、软件和信息技术服务业,采集后剔除英文流和视频流；题面不添加排除词
LES140,本地企业服务,给我推荐五个{{城市}}做{{企业服务}}的公司,给我推荐五个青岛做写字楼保洁服务的公司,青岛,企业服务,写字楼保洁服务,GB/T 4754-2017,国民经济行业分类,O 居民服务、修理和其他服务业,采集后剔除英文流和视频流；题面不添加排除词
LES141,本地企业服务,给我推荐五个{{城市}}做{{企业服务}}的公司,给我推荐五个济南做企业网站建设的公司,济南,企业服务,企业网站建设,GB/T 4754-2017,国民经济行业分类,I 信息传输、软件和信息技术服务业,采集后剔除英文流和视频流；题面不添加排除词
LES142,本地企业服务,给我推荐五个{{城市}}做{{企业服务}}的公司,给我推荐五个济南做公司财税代理的公司,济南,企业服务,公司财税代理,GB/T 4754-2017,国民经济行业分类,L 租赁和商务服务业,采集后剔除英文流和视频流；题面不添加排除词
LES143,本地企业服务,给我推荐五个{{城市}}做{{企业服务}}的公司,给我推荐五个济南做办公室装修的公司,济南,企业服务,办公室装修,GB/T 4754-2017,国民经济行业分类,E 建筑业,采集后剔除英文流和视频流；题面不添加排除词
LES144,本地企业服务,给我推荐五个{{城市}}做{{企业服务}}的公司,给我推荐五个济南做企业法律顾问的公司,济南,企业服务,企业法律顾问,GB/T 4754-2017,国民经济行业分类,L 租赁和商务服务业,采集后剔除英文流和视频流；题面不添加排除词
LES145,本地企业服务,给我推荐五个{{城市}}做{{企业服务}}的公司,给我推荐五个济南做人力资源外包的公司,济南,企业服务,人力资源外包,GB/T 4754-2017,国民经济行业分类,L 租赁和商务服务业,采集后剔除英文流和视频流；题面不添加排除词
LES146,本地企业服务,给我推荐五个{{城市}}做{{企业服务}}的公司,给我推荐五个济南做品牌设计的公司,济南,企业服务,品牌设计,GB/T 4754-2017,国民经济行业分类,M 科学研究和技术服务业,采集后剔除英文流和视频流；题面不添加排除词
LES147,本地企业服务,给我推荐五个{{城市}}做{{企业服务}}的公司,给我推荐五个济南做广告投放代理的公司,济南,企业服务,广告投放代理,GB/T 4754-2017,国民经济行业分类,L 租赁和商务服务业,采集后剔除英文流和视频流；题面不添加排除词
LES148,本地企业服务,给我推荐五个{{城市}}做{{企业服务}}的公司,给我推荐五个济南做互联网营销推广的公司,济南,企业服务,互联网营销推广,GB/T 4754-2017,国民经济行业分类,L 租赁和商务服务业,采集后剔除英文流和视频流；题面不添加排除词
LES149,本地企业服务,给我推荐五个{{城市}}做{{企业服务}}的公司,给我推荐五个济南做软件定制开发的公司,济南,企业服务,软件定制开发,GB/T 4754-2017,国民经济行业分类,I 信息传输、软件和信息技术服务业,采集后剔除英文流和视频流；题面不添加排除词
LES150,本地企业服务,给我推荐五个{{城市}}做{{企业服务}}的公司,给我推荐五个济南做写字楼保洁服务的公司,济南,企业服务,写字楼保洁服务,GB/T 4754-2017,国民经济行业分类,O 居民服务、修理和其他服务业,采集后剔除英文流和视频流；题面不添加排除词
LES151,本地企业服务,给我推荐五个{{城市}}做{{企业服务}}的公司,给我推荐五个天津做企业网站建设的公司,天津,企业服务,企业网站建设,GB/T 4754-2017,国民经济行业分类,I 信息传输、软件和信息技术服务业,采集后剔除英文流和视频流；题面不添加排除词
LES152,本地企业服务,给我推荐五个{{城市}}做{{企业服务}}的公司,给我推荐五个天津做公司财税代理的公司,天津,企业服务,公司财税代理,GB/T 4754-2017,国民经济行业分类,L 租赁和商务服务业,采集后剔除英文流和视频流；题面不添加排除词
LES153,本地企业服务,给我推荐五个{{城市}}做{{企业服务}}的公司,给我推荐五个天津做办公室装修的公司,天津,企业服务,办公室装修,GB/T 4754-2017,国民经济行业分类,E 建筑业,采集后剔除英文流和视频流；题面不添加排除词
LES154,本地企业服务,给我推荐五个{{城市}}做{{企业服务}}的公司,给我推荐五个天津做企业法律顾问的公司,天津,企业服务,企业法律顾问,GB/T 4754-2017,国民经济行业分类,L 租赁和商务服务业,采集后剔除英文流和视频流；题面不添加排除词
LES155,本地企业服务,给我推荐五个{{城市}}做{{企业服务}}的公司,给我推荐五个天津做人力资源外包的公司,天津,企业服务,人力资源外包,GB/T 4754-2017,国民经济行业分类,L 租赁和商务服务业,采集后剔除英文流和视频流；题面不添加排除词
LES156,本地企业服务,给我推荐五个{{城市}}做{{企业服务}}的公司,给我推荐五个天津做品牌设计的公司,天津,企业服务,品牌设计,GB/T 4754-2017,国民经济行业分类,M 科学研究和技术服务业,采集后剔除英文流和视频流；题面不添加排除词
LES157,本地企业服务,给我推荐五个{{城市}}做{{企业服务}}的公司,给我推荐五个天津做广告投放代理的公司,天津,企业服务,广告投放代理,GB/T 4754-2017,国民经济行业分类,L 租赁和商务服务业,采集后剔除英文流和视频流；题面不添加排除词
LES158,本地企业服务,给我推荐五个{{城市}}做{{企业服务}}的公司,给我推荐五个天津做互联网营销推广的公司,天津,企业服务,互联网营销推广,GB/T 4754-2017,国民经济行业分类,L 租赁和商务服务业,采集后剔除英文流和视频流；题面不添加排除词
LES159,本地企业服务,给我推荐五个{{城市}}做{{企业服务}}的公司,给我推荐五个天津做软件定制开发的公司,天津,企业服务,软件定制开发,GB/T 4754-2017,国民经济行业分类,I 信息传输、软件和信息技术服务业,采集后剔除英文流和视频流；题面不添加排除词
LES160,本地企业服务,给我推荐五个{{城市}}做{{企业服务}}的公司,给我推荐五个天津做写字楼保洁服务的公司,天津,企业服务,写字楼保洁服务,GB/T 4754-2017,国民经济行业分类,O 居民服务、修理和其他服务业,采集后剔除英文流和视频流；题面不添加排除词
LES161,本地企业服务,给我推荐五个{{城市}}做{{企业服务}}的公司,给我推荐五个宁波做企业网站建设的公司,宁波,企业服务,企业网站建设,GB/T 4754-2017,国民经济行业分类,I 信息传输、软件和信息技术服务业,采集后剔除英文流和视频流；题面不添加排除词
LES162,本地企业服务,给我推荐五个{{城市}}做{{企业服务}}的公司,给我推荐五个宁波做公司财税代理的公司,宁波,企业服务,公司财税代理,GB/T 4754-2017,国民经济行业分类,L 租赁和商务服务业,采集后剔除英文流和视频流；题面不添加排除词
LES163,本地企业服务,给我推荐五个{{城市}}做{{企业服务}}的公司,给我推荐五个宁波做办公室装修的公司,宁波,企业服务,办公室装修,GB/T 4754-2017,国民经济行业分类,E 建筑业,采集后剔除英文流和视频流；题面不添加排除词
LES164,本地企业服务,给我推荐五个{{城市}}做{{企业服务}}的公司,给我推荐五个宁波做企业法律顾问的公司,宁波,企业服务,企业法律顾问,GB/T 4754-2017,国民经济行业分类,L 租赁和商务服务业,采集后剔除英文流和视频流；题面不添加排除词
LES165,本地企业服务,给我推荐五个{{城市}}做{{企业服务}}的公司,给我推荐五个宁波做人力资源外包的公司,宁波,企业服务,人力资源外包,GB/T 4754-2017,国民经济行业分类,L 租赁和商务服务业,采集后剔除英文流和视频流；题面不添加排除词
LES166,本地企业服务,给我推荐五个{{城市}}做{{企业服务}}的公司,给我推荐五个宁波做品牌设计的公司,宁波,企业服务,品牌设计,GB/T 4754-2017,国民经济行业分类,M 科学研究和技术服务业,采集后剔除英文流和视频流；题面不添加排除词
LES167,本地企业服务,给我推荐五个{{城市}}做{{企业服务}}的公司,给我推荐五个宁波做广告投放代理的公司,宁波,企业服务,广告投放代理,GB/T 4754-2017,国民经济行业分类,L 租赁和商务服务业,采集后剔除英文流和视频流；题面不添加排除词
LES168,本地企业服务,给我推荐五个{{城市}}做{{企业服务}}的公司,给我推荐五个宁波做互联网营销推广的公司,宁波,企业服务,互联网营销推广,GB/T 4754-2017,国民经济行业分类,L 租赁和商务服务业,采集后剔除英文流和视频流；题面不添加排除词
LES169,本地企业服务,给我推荐五个{{城市}}做{{企业服务}}的公司,给我推荐五个宁波做软件定制开发的公司,宁波,企业服务,软件定制开发,GB/T 4754-2017,国民经济行业分类,I 信息传输、软件和信息技术服务业,采集后剔除英文流和视频流；题面不添加排除词
LES170,本地企业服务,给我推荐五个{{城市}}做{{企业服务}}的公司,给我推荐五个宁波做写字楼保洁服务的公司,宁波,企业服务,写字楼保洁服务,GB/T 4754-2017,国民经济行业分类,O 居民服务、修理和其他服务业,采集后剔除英文流和视频流；题面不添加排除词
LES171,本地企业服务,给我推荐五个{{城市}}做{{企业服务}}的公司,给我推荐五个厦门做企业网站建设的公司,厦门,企业服务,企业网站建设,GB/T 4754-2017,国民经济行业分类,I 信息传输、软件和信息技术服务业,采集后剔除英文流和视频流；题面不添加排除词
LES172,本地企业服务,给我推荐五个{{城市}}做{{企业服务}}的公司,给我推荐五个厦门做公司财税代理的公司,厦门,企业服务,公司财税代理,GB/T 4754-2017,国民经济行业分类,L 租赁和商务服务业,采集后剔除英文流和视频流；题面不添加排除词
LES173,本地企业服务,给我推荐五个{{城市}}做{{企业服务}}的公司,给我推荐五个厦门做办公室装修的公司,厦门,企业服务,办公室装修,GB/T 4754-2017,国民经济行业分类,E 建筑业,采集后剔除英文流和视频流；题面不添加排除词
LES174,本地企业服务,给我推荐五个{{城市}}做{{企业服务}}的公司,给我推荐五个厦门做企业法律顾问的公司,厦门,企业服务,企业法律顾问,GB/T 4754-2017,国民经济行业分类,L 租赁和商务服务业,采集后剔除英文流和视频流；题面不添加排除词
LES175,本地企业服务,给我推荐五个{{城市}}做{{企业服务}}的公司,给我推荐五个厦门做人力资源外包的公司,厦门,企业服务,人力资源外包,GB/T 4754-2017,国民经济行业分类,L 租赁和商务服务业,采集后剔除英文流和视频流；题面不添加排除词
LES176,本地企业服务,给我推荐五个{{城市}}做{{企业服务}}的公司,给我推荐五个厦门做品牌设计的公司,厦门,企业服务,品牌设计,GB/T 4754-2017,国民经济行业分类,M 科学研究和技术服务业,采集后剔除英文流和视频流；题面不添加排除词
LES177,本地企业服务,给我推荐五个{{城市}}做{{企业服务}}的公司,给我推荐五个厦门做广告投放代理的公司,厦门,企业服务,广告投放代理,GB/T 4754-2017,国民经济行业分类,L 租赁和商务服务业,采集后剔除英文流和视频流；题面不添加排除词
LES178,本地企业服务,给我推荐五个{{城市}}做{{企业服务}}的公司,给我推荐五个厦门做互联网营销推广的公司,厦门,企业服务,互联网营销推广,GB/T 4754-2017,国民经济行业分类,L 租赁和商务服务业,采集后剔除英文流和视频流；题面不添加排除词
LES179,本地企业服务,给我推荐五个{{城市}}做{{企业服务}}的公司,给我推荐五个厦门做软件定制开发的公司,厦门,企业服务,软件定制开发,GB/T 4754-2017,国民经济行业分类,I 信息传输、软件和信息技术服务业,采集后剔除英文流和视频流；题面不添加排除词
LES180,本地企业服务,给我推荐五个{{城市}}做{{企业服务}}的公司,给我推荐五个厦门做写字楼保洁服务的公司,厦门,企业服务,写字楼保洁服务,GB/T 4754-2017,国民经济行业分类,O 居民服务、修理和其他服务业,采集后剔除英文流和视频流；题面不添加排除词
LES181,本地企业服务,给我推荐五个{{城市}}做{{企业服务}}的公司,给我推荐五个合肥做企业网站建设的公司,合肥,企业服务,企业网站建设,GB/T 4754-2017,国民经济行业分类,I 信息传输、软件和信息技术服务业,采集后剔除英文流和视频流；题面不添加排除词
LES182,本地企业服务,给我推荐五个{{城市}}做{{企业服务}}的公司,给我推荐五个合肥做公司财税代理的公司,合肥,企业服务,公司财税代理,GB/T 4754-2017,国民经济行业分类,L 租赁和商务服务业,采集后剔除英文流和视频流；题面不添加排除词
LES183,本地企业服务,给我推荐五个{{城市}}做{{企业服务}}的公司,给我推荐五个合肥做办公室装修的公司,合肥,企业服务,办公室装修,GB/T 4754-2017,国民经济行业分类,E 建筑业,采集后剔除英文流和视频流；题面不添加排除词
LES184,本地企业服务,给我推荐五个{{城市}}做{{企业服务}}的公司,给我推荐五个合肥做企业法律顾问的公司,合肥,企业服务,企业法律顾问,GB/T 4754-2017,国民经济行业分类,L 租赁和商务服务业,采集后剔除英文流和视频流；题面不添加排除词
LES185,本地企业服务,给我推荐五个{{城市}}做{{企业服务}}的公司,给我推荐五个合肥做人力资源外包的公司,合肥,企业服务,人力资源外包,GB/T 4754-2017,国民经济行业分类,L 租赁和商务服务业,采集后剔除英文流和视频流；题面不添加排除词
LES186,本地企业服务,给我推荐五个{{城市}}做{{企业服务}}的公司,给我推荐五个合肥做品牌设计的公司,合肥,企业服务,品牌设计,GB/T 4754-2017,国民经济行业分类,M 科学研究和技术服务业,采集后剔除英文流和视频流；题面不添加排除词
LES187,本地企业服务,给我推荐五个{{城市}}做{{企业服务}}的公司,给我推荐五个合肥做广告投放代理的公司,合肥,企业服务,广告投放代理,GB/T 4754-2017,国民经济行业分类,L 租赁和商务服务业,采集后剔除英文流和视频流；题面不添加排除词
LES188,本地企业服务,给我推荐五个{{城市}}做{{企业服务}}的公司,给我推荐五个合肥做互联网营销推广的公司,合肥,企业服务,互联网营销推广,GB/T 4754-2017,国民经济行业分类,L 租赁和商务服务业,采集后剔除英文流和视频流；题面不添加排除词
LES189,本地企业服务,给我推荐五个{{城市}}做{{企业服务}}的公司,给我推荐五个合肥做软件定制开发的公司,合肥,企业服务,软件定制开发,GB/T 4754-2017,国民经济行业分类,I 信息传输、软件和信息技术服务业,采集后剔除英文流和视频流；题面不添加排除词
LES190,本地企业服务,给我推荐五个{{城市}}做{{企业服务}}的公司,给我推荐五个合肥做写字楼保洁服务的公司,合肥,企业服务,写字楼保洁服务,GB/T 4754-2017,国民经济行业分类,O 居民服务、修理和其他服务业,采集后剔除英文流和视频流；题面不添加排除词
LES191,本地企业服务,给我推荐五个{{城市}}做{{企业服务}}的公司,给我推荐五个福州做企业网站建设的公司,福州,企业服务,企业网站建设,GB/T 4754-2017,国民经济行业分类,I 信息传输、软件和信息技术服务业,采集后剔除英文流和视频流；题面不添加排除词
LES192,本地企业服务,给我推荐五个{{城市}}做{{企业服务}}的公司,给我推荐五个福州做公司财税代理的公司,福州,企业服务,公司财税代理,GB/T 4754-2017,国民经济行业分类,L 租赁和商务服务业,采集后剔除英文流和视频流；题面不添加排除词
LES193,本地企业服务,给我推荐五个{{城市}}做{{企业服务}}的公司,给我推荐五个福州做办公室装修的公司,福州,企业服务,办公室装修,GB/T 4754-2017,国民经济行业分类,E 建筑业,采集后剔除英文流和视频流；题面不添加排除词
LES194,本地企业服务,给我推荐五个{{城市}}做{{企业服务}}的公司,给我推荐五个福州做企业法律顾问的公司,福州,企业服务,企业法律顾问,GB/T 4754-2017,国民经济行业分类,L 租赁和商务服务业,采集后剔除英文流和视频流；题面不添加排除词
LES195,本地企业服务,给我推荐五个{{城市}}做{{企业服务}}的公司,给我推荐五个福州做人力资源外包的公司,福州,企业服务,人力资源外包,GB/T 4754-2017,国民经济行业分类,L 租赁和商务服务业,采集后剔除英文流和视频流；题面不添加排除词
LES196,本地企业服务,给我推荐五个{{城市}}做{{企业服务}}的公司,给我推荐五个福州做品牌设计的公司,福州,企业服务,品牌设计,GB/T 4754-2017,国民经济行业分类,M 科学研究和技术服务业,采集后剔除英文流和视频流；题面不添加排除词
LES197,本地企业服务,给我推荐五个{{城市}}做{{企业服务}}的公司,给我推荐五个福州做广告投放代理的公司,福州,企业服务,广告投放代理,GB/T 4754-2017,国民经济行业分类,L 租赁和商务服务业,采集后剔除英文流和视频流；题面不添加排除词
LES198,本地企业服务,给我推荐五个{{城市}}做{{企业服务}}的公司,给我推荐五个福州做互联网营销推广的公司,福州,企业服务,互联网营销推广,GB/T 4754-2017,国民经济行业分类,L 租赁和商务服务业,采集后剔除英文流和视频流；题面不添加排除词
LES199,本地企业服务,给我推荐五个{{城市}}做{{企业服务}}的公司,给我推荐五个福州做软件定制开发的公司,福州,企业服务,软件定制开发,GB/T 4754-2017,国民经济行业分类,I 信息传输、软件和信息技术服务业,采集后剔除英文流和视频流；题面不添加排除词
LES200,本地企业服务,给我推荐五个{{城市}}做{{企业服务}}的公司,给我推荐五个福州做写字楼保洁服务的公司,福州,企业服务,写字楼保洁服务,GB/T 4754-2017,国民经济行业分类,O 居民服务、修理和其他服务业,采集后剔除英文流和视频流；题面不添加排除词
NES001,非本地企业服务,给我推荐五个国内做{{企业服务}}的公司,给我推荐五个国内做客户关系管理系统的公司,,企业服务,客户关系管理系统,GB/T 4754-2017,国民经济行业分类,I 信息传输、软件和信息技术服务业,采集后剔除英文流和视频流；题面不添加排除词
NES002,非本地企业服务,给我推荐五个国内做{{企业服务}}的公司,给我推荐五个国内做企业资源计划系统的公司,,企业服务,企业资源计划系统,GB/T 4754-2017,国民经济行业分类,I 信息传输、软件和信息技术服务业,采集后剔除英文流和视频流；题面不添加排除词
NES003,非本地企业服务,给我推荐五个国内做{{企业服务}}的公司,给我推荐五个国内做办公协同系统的公司,,企业服务,办公协同系统,GB/T 4754-2017,国民经济行业分类,I 信息传输、软件和信息技术服务业,采集后剔除英文流和视频流；题面不添加排除词
NES004,非本地企业服务,给我推荐五个国内做{{企业服务}}的公司,给我推荐五个国内做低代码开发平台的公司,,企业服务,低代码开发平台,GB/T 4754-2017,国民经济行业分类,I 信息传输、软件和信息技术服务业,采集后剔除英文流和视频流；题面不添加排除词
NES005,非本地企业服务,给我推荐五个国内做{{企业服务}}的公司,给我推荐五个国内做数据中台建设的公司,,企业服务,数据中台建设,GB/T 4754-2017,国民经济行业分类,I 信息传输、软件和信息技术服务业,采集后剔除英文流和视频流；题面不添加排除词
NES006,非本地企业服务,给我推荐五个国内做{{企业服务}}的公司,给我推荐五个国内做业务中台建设的公司,,企业服务,业务中台建设,GB/T 4754-2017,国民经济行业分类,I 信息传输、软件和信息技术服务业,采集后剔除英文流和视频流；题面不添加排除词
NES007,非本地企业服务,给我推荐五个国内做{{企业服务}}的公司,给我推荐五个国内做商业智能分析系统的公司,,企业服务,商业智能分析系统,GB/T 4754-2017,国民经济行业分类,I 信息传输、软件和信息技术服务业,采集后剔除英文流和视频流；题面不添加排除词
NES008,非本地企业服务,给我推荐五个国内做{{企业服务}}的公司,给我推荐五个国内做数据可视化平台的公司,,企业服务,数据可视化平台,GB/T 4754-2017,国民经济行业分类,I 信息传输、软件和信息技术服务业,采集后剔除英文流和视频流；题面不添加排除词
NES009,非本地企业服务,给我推荐五个国内做{{企业服务}}的公司,给我推荐五个国内做主数据管理系统的公司,,企业服务,主数据管理系统,GB/T 4754-2017,国民经济行业分类,I 信息传输、软件和信息技术服务业,采集后剔除英文流和视频流；题面不添加排除词
NES010,非本地企业服务,给我推荐五个国内做{{企业服务}}的公司,给我推荐五个国内做数据治理服务的公司,,企业服务,数据治理服务,GB/T 4754-2017,国民经济行业分类,I 信息传输、软件和信息技术服务业,采集后剔除英文流和视频流；题面不添加排除词
NES011,非本地企业服务,给我推荐五个国内做{{企业服务}}的公司,给我推荐五个国内做数据仓库建设的公司,,企业服务,数据仓库建设,GB/T 4754-2017,国民经济行业分类,I 信息传输、软件和信息技术服务业,采集后剔除英文流和视频流；题面不添加排除词
NES012,非本地企业服务,给我推荐五个国内做{{企业服务}}的公司,给我推荐五个国内做数据安全治理的公司,,企业服务,数据安全治理,GB/T 4754-2017,国民经济行业分类,I 信息传输、软件和信息技术服务业,采集后剔除英文流和视频流；题面不添加排除词
NES013,非本地企业服务,给我推荐五个国内做{{企业服务}}的公司,给我推荐五个国内做云服务器服务的公司,,企业服务,云服务器服务,GB/T 4754-2017,国民经济行业分类,I 信息传输、软件和信息技术服务业,采集后剔除英文流和视频流；题面不添加排除词
NES014,非本地企业服务,给我推荐五个国内做{{企业服务}}的公司,给我推荐五个国内做混合云管理平台的公司,,企业服务,混合云管理平台,GB/T 4754-2017,国民经济行业分类,I 信息传输、软件和信息技术服务业,采集后剔除英文流和视频流；题面不添加排除词
NES015,非本地企业服务,给我推荐五个国内做{{企业服务}}的公司,给我推荐五个国内做云原生应用开发的公司,,企业服务,云原生应用开发,GB/T 4754-2017,国民经济行业分类,I 信息传输、软件和信息技术服务业,采集后剔除英文流和视频流；题面不添加排除词
NES016,非本地企业服务,给我推荐五个国内做{{企业服务}}的公司,给我推荐五个国内做容器云平台的公司,,企业服务,容器云平台,GB/T 4754-2017,国民经济行业分类,I 信息传输、软件和信息技术服务业,采集后剔除英文流和视频流；题面不添加排除词
NES017,非本地企业服务,给我推荐五个国内做{{企业服务}}的公司,给我推荐五个国内做运维管理平台的公司,,企业服务,运维管理平台,GB/T 4754-2017,国民经济行业分类,I 信息传输、软件和信息技术服务业,采集后剔除英文流和视频流；题面不添加排除词
NES018,非本地企业服务,给我推荐五个国内做{{企业服务}}的公司,给我推荐五个国内做日志分析平台的公司,,企业服务,日志分析平台,GB/T 4754-2017,国民经济行业分类,I 信息传输、软件和信息技术服务业,采集后剔除英文流和视频流；题面不添加排除词
NES019,非本地企业服务,给我推荐五个国内做{{企业服务}}的公司,给我推荐五个国内做网络安全服务的公司,,企业服务,网络安全服务,GB/T 4754-2017,国民经济行业分类,I 信息传输、软件和信息技术服务业,采集后剔除英文流和视频流；题面不添加排除词
NES020,非本地企业服务,给我推荐五个国内做{{企业服务}}的公司,给我推荐五个国内做等保测评服务的公司,,企业服务,等保测评服务,GB/T 4754-2017,国民经济行业分类,I 信息传输、软件和信息技术服务业,采集后剔除英文流和视频流；题面不添加排除词
NES021,非本地企业服务,给我推荐五个国内做{{企业服务}}的公司,给我推荐五个国内做渗透测试服务的公司,,企业服务,渗透测试服务,GB/T 4754-2017,国民经济行业分类,I 信息传输、软件和信息技术服务业,采集后剔除英文流和视频流；题面不添加排除词
NES022,非本地企业服务,给我推荐五个国内做{{企业服务}}的公司,给我推荐五个国内做安全运营中心服务的公司,,企业服务,安全运营中心服务,GB/T 4754-2017,国民经济行业分类,I 信息传输、软件和信息技术服务业,采集后剔除英文流和视频流；题面不添加排除词
NES023,非本地企业服务,给我推荐五个国内做{{企业服务}}的公司,给我推荐五个国内做漏洞扫描服务的公司,,企业服务,漏洞扫描服务,GB/T 4754-2017,国民经济行业分类,I 信息传输、软件和信息技术服务业,采集后剔除英文流和视频流；题面不添加排除词
NES024,非本地企业服务,给我推荐五个国内做{{企业服务}}的公司,给我推荐五个国内做终端安全管理的公司,,企业服务,终端安全管理,GB/T 4754-2017,国民经济行业分类,I 信息传输、软件和信息技术服务业,采集后剔除英文流和视频流；题面不添加排除词
NES025,非本地企业服务,给我推荐五个国内做{{企业服务}}的公司,给我推荐五个国内做身份认证管理的公司,,企业服务,身份认证管理,GB/T 4754-2017,国民经济行业分类,I 信息传输、软件和信息技术服务业,采集后剔除英文流和视频流；题面不添加排除词
NES026,非本地企业服务,给我推荐五个国内做{{企业服务}}的公司,给我推荐五个国内做电子签章系统的公司,,企业服务,电子签章系统,GB/T 4754-2017,国民经济行业分类,I 信息传输、软件和信息技术服务业,采集后剔除英文流和视频流；题面不添加排除词
NES027,非本地企业服务,给我推荐五个国内做{{企业服务}}的公司,给我推荐五个国内做电子合同系统的公司,,企业服务,电子合同系统,GB/T 4754-2017,国民经济行业分类,I 信息传输、软件和信息技术服务业,采集后剔除英文流和视频流；题面不添加排除词
NES028,非本地企业服务,给我推荐五个国内做{{企业服务}}的公司,给我推荐五个国内做合同管理系统的公司,,企业服务,合同管理系统,GB/T 4754-2017,国民经济行业分类,I 信息传输、软件和信息技术服务业,采集后剔除英文流和视频流；题面不添加排除词
NES029,非本地企业服务,给我推荐五个国内做{{企业服务}}的公司,给我推荐五个国内做项目管理系统的公司,,企业服务,项目管理系统,GB/T 4754-2017,国民经济行业分类,I 信息传输、软件和信息技术服务业,采集后剔除英文流和视频流；题面不添加排除词
NES030,非本地企业服务,给我推荐五个国内做{{企业服务}}的公司,给我推荐五个国内做采购管理系统的公司,,企业服务,采购管理系统,GB/T 4754-2017,国民经济行业分类,I 信息传输、软件和信息技术服务业,采集后剔除英文流和视频流；题面不添加排除词
NES031,非本地企业服务,给我推荐五个国内做{{企业服务}}的公司,给我推荐五个国内做供应商管理系统的公司,,企业服务,供应商管理系统,GB/T 4754-2017,国民经济行业分类,I 信息传输、软件和信息技术服务业,采集后剔除英文流和视频流；题面不添加排除词
NES032,非本地企业服务,给我推荐五个国内做{{企业服务}}的公司,给我推荐五个国内做仓储管理系统的公司,,企业服务,仓储管理系统,GB/T 4754-2017,国民经济行业分类,I 信息传输、软件和信息技术服务业,采集后剔除英文流和视频流；题面不添加排除词
NES033,非本地企业服务,给我推荐五个国内做{{企业服务}}的公司,给我推荐五个国内做运输管理系统的公司,,企业服务,运输管理系统,GB/T 4754-2017,国民经济行业分类,I 信息传输、软件和信息技术服务业,采集后剔除英文流和视频流；题面不添加排除词
NES034,非本地企业服务,给我推荐五个国内做{{企业服务}}的公司,给我推荐五个国内做制造执行系统的公司,,企业服务,制造执行系统,GB/T 4754-2017,国民经济行业分类,I 信息传输、软件和信息技术服务业,采集后剔除英文流和视频流；题面不添加排除词
NES035,非本地企业服务,给我推荐五个国内做{{企业服务}}的公司,给我推荐五个国内做设备管理系统的公司,,企业服务,设备管理系统,GB/T 4754-2017,国民经济行业分类,I 信息传输、软件和信息技术服务业,采集后剔除英文流和视频流；题面不添加排除词
NES036,非本地企业服务,给我推荐五个国内做{{企业服务}}的公司,给我推荐五个国内做质量管理系统的公司,,企业服务,质量管理系统,GB/T 4754-2017,国民经济行业分类,I 信息传输、软件和信息技术服务业,采集后剔除英文流和视频流；题面不添加排除词
NES037,非本地企业服务,给我推荐五个国内做{{企业服务}}的公司,给我推荐五个国内做人力资源管理系统的公司,,企业服务,人力资源管理系统,GB/T 4754-2017,国民经济行业分类,I 信息传输、软件和信息技术服务业,采集后剔除英文流和视频流；题面不添加排除词
NES038,非本地企业服务,给我推荐五个国内做{{企业服务}}的公司,给我推荐五个国内做薪酬绩效系统的公司,,企业服务,薪酬绩效系统,GB/T 4754-2017,国民经济行业分类,I 信息传输、软件和信息技术服务业,采集后剔除英文流和视频流；题面不添加排除词
NES039,非本地企业服务,给我推荐五个国内做{{企业服务}}的公司,给我推荐五个国内做招聘管理系统的公司,,企业服务,招聘管理系统,GB/T 4754-2017,国民经济行业分类,I 信息传输、软件和信息技术服务业,采集后剔除英文流和视频流；题面不添加排除词
NES040,非本地企业服务,给我推荐五个国内做{{企业服务}}的公司,给我推荐五个国内做财务共享系统的公司,,企业服务,财务共享系统,GB/T 4754-2017,国民经济行业分类,I 信息传输、软件和信息技术服务业,采集后剔除英文流和视频流；题面不添加排除词
NES041,非本地企业服务,给我推荐五个国内做{{企业服务}}的公司,给我推荐五个国内做费控报销系统的公司,,企业服务,费控报销系统,GB/T 4754-2017,国民经济行业分类,I 信息传输、软件和信息技术服务业,采集后剔除英文流和视频流；题面不添加排除词
NES042,非本地企业服务,给我推荐五个国内做{{企业服务}}的公司,给我推荐五个国内做税务管理系统的公司,,企业服务,税务管理系统,GB/T 4754-2017,国民经济行业分类,I 信息传输、软件和信息技术服务业,采集后剔除英文流和视频流；题面不添加排除词
NES043,非本地企业服务,给我推荐五个国内做{{企业服务}}的公司,给我推荐五个国内做企业知识库系统的公司,,企业服务,企业知识库系统,GB/T 4754-2017,国民经济行业分类,I 信息传输、软件和信息技术服务业,采集后剔除英文流和视频流；题面不添加排除词
NES044,非本地企业服务,给我推荐五个国内做{{企业服务}}的公司,给我推荐五个国内做智能客服系统的公司,,企业服务,智能客服系统,GB/T 4754-2017,国民经济行业分类,I 信息传输、软件和信息技术服务业,采集后剔除英文流和视频流；题面不添加排除词
NES045,非本地企业服务,给我推荐五个国内做{{企业服务}}的公司,给我推荐五个国内做呼叫中心系统的公司,,企业服务,呼叫中心系统,GB/T 4754-2017,国民经济行业分类,I 信息传输、软件和信息技术服务业,采集后剔除英文流和视频流；题面不添加排除词
NES046,非本地企业服务,给我推荐五个国内做{{企业服务}}的公司,给我推荐五个国内做在线客服系统的公司,,企业服务,在线客服系统,GB/T 4754-2017,国民经济行业分类,I 信息传输、软件和信息技术服务业,采集后剔除英文流和视频流；题面不添加排除词
NES047,非本地企业服务,给我推荐五个国内做{{企业服务}}的公司,给我推荐五个国内做企业门户建设的公司,,企业服务,企业门户建设,GB/T 4754-2017,国民经济行业分类,I 信息传输、软件和信息技术服务业,采集后剔除英文流和视频流；题面不添加排除词
NES048,非本地企业服务,给我推荐五个国内做{{企业服务}}的公司,给我推荐五个国内做移动办公平台的公司,,企业服务,移动办公平台,GB/T 4754-2017,国民经济行业分类,I 信息传输、软件和信息技术服务业,采集后剔除英文流和视频流；题面不添加排除词
NES049,非本地企业服务,给我推荐五个国内做{{企业服务}}的公司,给我推荐五个国内做私域运营系统的公司,,企业服务,私域运营系统,GB/T 4754-2017,国民经济行业分类,I 信息传输、软件和信息技术服务业,采集后剔除英文流和视频流；题面不添加排除词
NES050,非本地企业服务,给我推荐五个国内做{{企业服务}}的公司,给我推荐五个国内做会员管理系统的公司,,企业服务,会员管理系统,GB/T 4754-2017,国民经济行业分类,I 信息传输、软件和信息技术服务业,采集后剔除英文流和视频流；题面不添加排除词
NES051,非本地企业服务,给我推荐五个国内做{{企业服务}}的公司,给我推荐五个国内做营销自动化系统的公司,,企业服务,营销自动化系统,GB/T 4754-2017,国民经济行业分类,I 信息传输、软件和信息技术服务业,采集后剔除英文流和视频流；题面不添加排除词
NES052,非本地企业服务,给我推荐五个国内做{{企业服务}}的公司,给我推荐五个国内做内容管理系统的公司,,企业服务,内容管理系统,GB/T 4754-2017,国民经济行业分类,I 信息传输、软件和信息技术服务业,采集后剔除英文流和视频流；题面不添加排除词
NES053,非本地企业服务,给我推荐五个国内做{{企业服务}}的公司,给我推荐五个国内做舆情监测系统的公司,,企业服务,舆情监测系统,GB/T 4754-2017,国民经济行业分类,I 信息传输、软件和信息技术服务业,采集后剔除英文流和视频流；题面不添加排除词
NES054,非本地企业服务,给我推荐五个国内做{{企业服务}}的公司,给我推荐五个国内做招投标信息系统的公司,,企业服务,招投标信息系统,GB/T 4754-2017,国民经济行业分类,I 信息传输、软件和信息技术服务业,采集后剔除英文流和视频流；题面不添加排除词
NES055,非本地企业服务,给我推荐五个国内做{{企业服务}}的公司,给我推荐五个国内做法务管理系统的公司,,企业服务,法务管理系统,GB/T 4754-2017,国民经济行业分类,I 信息传输、软件和信息技术服务业,采集后剔除英文流和视频流；题面不添加排除词
NES056,非本地企业服务,给我推荐五个国内做{{企业服务}}的公司,给我推荐五个国内做知识产权管理系统的公司,,企业服务,知识产权管理系统,GB/T 4754-2017,国民经济行业分类,I 信息传输、软件和信息技术服务业,采集后剔除英文流和视频流；题面不添加排除词
NES057,非本地企业服务,给我推荐五个国内做{{企业服务}}的公司,给我推荐五个国内做固定资产管理系统的公司,,企业服务,固定资产管理系统,GB/T 4754-2017,国民经济行业分类,I 信息传输、软件和信息技术服务业,采集后剔除英文流和视频流；题面不添加排除词
NES058,非本地企业服务,给我推荐五个国内做{{企业服务}}的公司,给我推荐五个国内做档案管理系统的公司,,企业服务,档案管理系统,GB/T 4754-2017,国民经济行业分类,I 信息传输、软件和信息技术服务业,采集后剔除英文流和视频流；题面不添加排除词
NES059,非本地企业服务,给我推荐五个国内做{{企业服务}}的公司,给我推荐五个国内做考试培训系统的公司,,企业服务,考试培训系统,GB/T 4754-2017,国民经济行业分类,I 信息传输、软件和信息技术服务业,采集后剔除英文流和视频流；题面不添加排除词
NES060,非本地企业服务,给我推荐五个国内做{{企业服务}}的公司,给我推荐五个国内做在线学习平台的公司,,企业服务,在线学习平台,GB/T 4754-2017,国民经济行业分类,I 信息传输、软件和信息技术服务业,采集后剔除英文流和视频流；题面不添加排除词
NES061,非本地企业服务,给我推荐五个国内做{{企业服务}}的公司,给我推荐五个国内做工单管理系统的公司,,企业服务,工单管理系统,GB/T 4754-2017,国民经济行业分类,I 信息传输、软件和信息技术服务业,采集后剔除英文流和视频流；题面不添加排除词
NES062,非本地企业服务,给我推荐五个国内做{{企业服务}}的公司,给我推荐五个国内做售后服务系统的公司,,企业服务,售后服务系统,GB/T 4754-2017,国民经济行业分类,I 信息传输、软件和信息技术服务业,采集后剔除英文流和视频流；题面不添加排除词
NES063,非本地企业服务,给我推荐五个国内做{{企业服务}}的公司,给我推荐五个国内做客服质检系统的公司,,企业服务,客服质检系统,GB/T 4754-2017,国民经济行业分类,I 信息传输、软件和信息技术服务业,采集后剔除英文流和视频流；题面不添加排除词
NES064,非本地企业服务,给我推荐五个国内做{{企业服务}}的公司,给我推荐五个国内做机器人流程自动化的公司,,企业服务,机器人流程自动化,GB/T 4754-2017,国民经济行业分类,I 信息传输、软件和信息技术服务业,采集后剔除英文流和视频流；题面不添加排除词
NES065,非本地企业服务,给我推荐五个国内做{{企业服务}}的公司,给我推荐五个国内做流程挖掘系统的公司,,企业服务,流程挖掘系统,GB/T 4754-2017,国民经济行业分类,I 信息传输、软件和信息技术服务业,采集后剔除英文流和视频流；题面不添加排除词
NES066,非本地企业服务,给我推荐五个国内做{{企业服务}}的公司,给我推荐五个国内做电子发票系统的公司,,企业服务,电子发票系统,GB/T 4754-2017,国民经济行业分类,I 信息传输、软件和信息技术服务业,采集后剔除英文流和视频流；题面不添加排除词
NES067,非本地企业服务,给我推荐五个国内做{{企业服务}}的公司,给我推荐五个国内做票据管理系统的公司,,企业服务,票据管理系统,GB/T 4754-2017,国民经济行业分类,I 信息传输、软件和信息技术服务业,采集后剔除英文流和视频流；题面不添加排除词
NES068,非本地企业服务,给我推荐五个国内做{{企业服务}}的公司,给我推荐五个国内做门店管理系统的公司,,企业服务,门店管理系统,GB/T 4754-2017,国民经济行业分类,I 信息传输、软件和信息技术服务业,采集后剔除英文流和视频流；题面不添加排除词
NES069,非本地企业服务,给我推荐五个国内做{{企业服务}}的公司,给我推荐五个国内做连锁经营管理系统的公司,,企业服务,连锁经营管理系统,GB/T 4754-2017,国民经济行业分类,I 信息传输、软件和信息技术服务业,采集后剔除英文流和视频流；题面不添加排除词
NES070,非本地企业服务,给我推荐五个国内做{{企业服务}}的公司,给我推荐五个国内做零售收银系统的公司,,企业服务,零售收银系统,GB/T 4754-2017,国民经济行业分类,I 信息传输、软件和信息技术服务业,采集后剔除英文流和视频流；题面不添加排除词
NES071,非本地企业服务,给我推荐五个国内做{{企业服务}}的公司,给我推荐五个国内做餐饮管理系统的公司,,企业服务,餐饮管理系统,GB/T 4754-2017,国民经济行业分类,I 信息传输、软件和信息技术服务业,采集后剔除英文流和视频流；题面不添加排除词
NES072,非本地企业服务,给我推荐五个国内做{{企业服务}}的公司,给我推荐五个国内做酒店管理系统的公司,,企业服务,酒店管理系统,GB/T 4754-2017,国民经济行业分类,I 信息传输、软件和信息技术服务业,采集后剔除英文流和视频流；题面不添加排除词
NES073,非本地企业服务,给我推荐五个国内做{{企业服务}}的公司,给我推荐五个国内做物业管理系统的公司,,企业服务,物业管理系统,GB/T 4754-2017,国民经济行业分类,I 信息传输、软件和信息技术服务业,采集后剔除英文流和视频流；题面不添加排除词
NES074,非本地企业服务,给我推荐五个国内做{{企业服务}}的公司,给我推荐五个国内做园区管理系统的公司,,企业服务,园区管理系统,GB/T 4754-2017,国民经济行业分类,I 信息传输、软件和信息技术服务业,采集后剔除英文流和视频流；题面不添加排除词
NES075,非本地企业服务,给我推荐五个国内做{{企业服务}}的公司,给我推荐五个国内做能源管理系统的公司,,企业服务,能源管理系统,GB/T 4754-2017,国民经济行业分类,I 信息传输、软件和信息技术服务业,采集后剔除英文流和视频流；题面不添加排除词
NES076,非本地企业服务,给我推荐五个国内做{{企业服务}}的公司,给我推荐五个国内做碳排放管理系统的公司,,企业服务,碳排放管理系统,GB/T 4754-2017,国民经济行业分类,I 信息传输、软件和信息技术服务业,采集后剔除英文流和视频流；题面不添加排除词
NES077,非本地企业服务,给我推荐五个国内做{{企业服务}}的公司,给我推荐五个国内做工业互联网平台的公司,,企业服务,工业互联网平台,GB/T 4754-2017,国民经济行业分类,I 信息传输、软件和信息技术服务业,采集后剔除英文流和视频流；题面不添加排除词
NES078,非本地企业服务,给我推荐五个国内做{{企业服务}}的公司,给我推荐五个国内做设备预测性维护系统的公司,,企业服务,设备预测性维护系统,GB/T 4754-2017,国民经济行业分类,I 信息传输、软件和信息技术服务业,采集后剔除英文流和视频流；题面不添加排除词
NES079,非本地企业服务,给我推荐五个国内做{{企业服务}}的公司,给我推荐五个国内做供应链协同平台的公司,,企业服务,供应链协同平台,GB/T 4754-2017,国民经济行业分类,I 信息传输、软件和信息技术服务业,采集后剔除英文流和视频流；题面不添加排除词
NES080,非本地企业服务,给我推荐五个国内做{{企业服务}}的公司,给我推荐五个国内做跨境电商系统的公司,,企业服务,跨境电商系统,GB/T 4754-2017,国民经济行业分类,I 信息传输、软件和信息技术服务业,采集后剔除英文流和视频流；题面不添加排除词
NES081,非本地企业服务,给我推荐五个国内做{{企业服务}}的公司,给我推荐五个国内做企业搜索系统的公司,,企业服务,企业搜索系统,GB/T 4754-2017,国民经济行业分类,I 信息传输、软件和信息技术服务业,采集后剔除英文流和视频流；题面不添加排除词
NES082,非本地企业服务,给我推荐五个国内做{{企业服务}}的公司,给我推荐五个国内做数据标注服务的公司,,企业服务,数据标注服务,GB/T 4754-2017,国民经济行业分类,I 信息传输、软件和信息技术服务业,采集后剔除英文流和视频流；题面不添加排除词
NES083,非本地企业服务,给我推荐五个国内做{{企业服务}}的公司,给我推荐五个国内做语音标注服务的公司,,企业服务,语音标注服务,GB/T 4754-2017,国民经济行业分类,I 信息传输、软件和信息技术服务业,采集后剔除英文流和视频流；题面不添加排除词
NES084,非本地企业服务,给我推荐五个国内做{{企业服务}}的公司,给我推荐五个国内做图像标注服务的公司,,企业服务,图像标注服务,GB/T 4754-2017,国民经济行业分类,I 信息传输、软件和信息技术服务业,采集后剔除英文流和视频流；题面不添加排除词
NES085,非本地企业服务,给我推荐五个国内做{{企业服务}}的公司,给我推荐五个国内做文本标注服务的公司,,企业服务,文本标注服务,GB/T 4754-2017,国民经济行业分类,I 信息传输、软件和信息技术服务业,采集后剔除英文流和视频流；题面不添加排除词
NES086,非本地企业服务,给我推荐五个国内做{{企业服务}}的公司,给我推荐五个国内做客服机器人系统的公司,,企业服务,客服机器人系统,GB/T 4754-2017,国民经济行业分类,I 信息传输、软件和信息技术服务业,采集后剔除英文流和视频流；题面不添加排除词
NES087,非本地企业服务,给我推荐五个国内做{{企业服务}}的公司,给我推荐五个国内做智能外呼系统的公司,,企业服务,智能外呼系统,GB/T 4754-2017,国民经济行业分类,I 信息传输、软件和信息技术服务业,采集后剔除英文流和视频流；题面不添加排除词
NES088,非本地企业服务,给我推荐五个国内做{{企业服务}}的公司,给我推荐五个国内做知识图谱建设的公司,,企业服务,知识图谱建设,GB/T 4754-2017,国民经济行业分类,I 信息传输、软件和信息技术服务业,采集后剔除英文流和视频流；题面不添加排除词
NES089,非本地企业服务,给我推荐五个国内做{{企业服务}}的公司,给我推荐五个国内做大模型应用开发的公司,,企业服务,大模型应用开发,GB/T 4754-2017,国民经济行业分类,I 信息传输、软件和信息技术服务业,采集后剔除英文流和视频流；题面不添加排除词
NES090,非本地企业服务,给我推荐五个国内做{{企业服务}}的公司,给我推荐五个国内做智能文档处理的公司,,企业服务,智能文档处理,GB/T 4754-2017,国民经济行业分类,I 信息传输、软件和信息技术服务业,采集后剔除英文流和视频流；题面不添加排除词
NES091,非本地企业服务,给我推荐五个国内做{{企业服务}}的公司,给我推荐五个国内做隐私计算平台的公司,,企业服务,隐私计算平台,GB/T 4754-2017,国民经济行业分类,I 信息传输、软件和信息技术服务业,采集后剔除英文流和视频流；题面不添加排除词
NES092,非本地企业服务,给我推荐五个国内做{{企业服务}}的公司,给我推荐五个国内做区块链溯源系统的公司,,企业服务,区块链溯源系统,GB/T 4754-2017,国民经济行业分类,I 信息传输、软件和信息技术服务业,采集后剔除英文流和视频流；题面不添加排除词
NES093,非本地企业服务,给我推荐五个国内做{{企业服务}}的公司,给我推荐五个国内做电子档案系统的公司,,企业服务,电子档案系统,GB/T 4754-2017,国民经济行业分类,I 信息传输、软件和信息技术服务业,采集后剔除英文流和视频流；题面不添加排除词
NES094,非本地企业服务,给我推荐五个国内做{{企业服务}}的公司,给我推荐五个国内做管理咨询的公司,,企业服务,管理咨询,GB/T 4754-2017,国民经济行业分类,L 租赁和商务服务业,采集后剔除英文流和视频流；题面不添加排除词
NES095,非本地企业服务,给我推荐五个国内做{{企业服务}}的公司,给我推荐五个国内做战略咨询的公司,,企业服务,战略咨询,GB/T 4754-2017,国民经济行业分类,L 租赁和商务服务业,采集后剔除英文流和视频流；题面不添加排除词
NES096,非本地企业服务,给我推荐五个国内做{{企业服务}}的公司,给我推荐五个国内做组织变革咨询的公司,,企业服务,组织变革咨询,GB/T 4754-2017,国民经济行业分类,L 租赁和商务服务业,采集后剔除英文流和视频流；题面不添加排除词
NES097,非本地企业服务,给我推荐五个国内做{{企业服务}}的公司,给我推荐五个国内做人力资源咨询的公司,,企业服务,人力资源咨询,GB/T 4754-2017,国民经济行业分类,L 租赁和商务服务业,采集后剔除英文流和视频流；题面不添加排除词
NES098,非本地企业服务,给我推荐五个国内做{{企业服务}}的公司,给我推荐五个国内做企业培训的公司,,企业服务,企业培训,GB/T 4754-2017,国民经济行业分类,L 租赁和商务服务业,采集后剔除英文流和视频流；题面不添加排除词
NES099,非本地企业服务,给我推荐五个国内做{{企业服务}}的公司,给我推荐五个国内做财税咨询的公司,,企业服务,财税咨询,GB/T 4754-2017,国民经济行业分类,L 租赁和商务服务业,采集后剔除英文流和视频流；题面不添加排除词
NES100,非本地企业服务,给我推荐五个国内做{{企业服务}}的公司,给我推荐五个国内做代理记账服务的公司,,企业服务,代理记账服务,GB/T 4754-2017,国民经济行业分类,L 租赁和商务服务业,采集后剔除英文流和视频流；题面不添加排除词
NES101,非本地企业服务,给我推荐五个国内做{{企业服务}}的公司,给我推荐五个国内做税务筹划服务的公司,,企业服务,税务筹划服务,GB/T 4754-2017,国民经济行业分类,L 租赁和商务服务业,采集后剔除英文流和视频流；题面不添加排除词
NES102,非本地企业服务,给我推荐五个国内做{{企业服务}}的公司,给我推荐五个国内做审计服务的公司,,企业服务,审计服务,GB/T 4754-2017,国民经济行业分类,L 租赁和商务服务业,采集后剔除英文流和视频流；题面不添加排除词
NES103,非本地企业服务,给我推荐五个国内做{{企业服务}}的公司,给我推荐五个国内做法律顾问服务的公司,,企业服务,法律顾问服务,GB/T 4754-2017,国民经济行业分类,L 租赁和商务服务业,采集后剔除英文流和视频流；题面不添加排除词
NES104,非本地企业服务,给我推荐五个国内做{{企业服务}}的公司,给我推荐五个国内做合规咨询的公司,,企业服务,合规咨询,GB/T 4754-2017,国民经济行业分类,L 租赁和商务服务业,采集后剔除英文流和视频流；题面不添加排除词
NES105,非本地企业服务,给我推荐五个国内做{{企业服务}}的公司,给我推荐五个国内做知识产权代理的公司,,企业服务,知识产权代理,GB/T 4754-2017,国民经济行业分类,L 租赁和商务服务业,采集后剔除英文流和视频流；题面不添加排除词
NES106,非本地企业服务,给我推荐五个国内做{{企业服务}}的公司,给我推荐五个国内做商标代理的公司,,企业服务,商标代理,GB/T 4754-2017,国民经济行业分类,L 租赁和商务服务业,采集后剔除英文流和视频流；题面不添加排除词
NES107,非本地企业服务,给我推荐五个国内做{{企业服务}}的公司,给我推荐五个国内做专利代理的公司,,企业服务,专利代理,GB/T 4754-2017,国民经济行业分类,L 租赁和商务服务业,采集后剔除英文流和视频流；题面不添加排除词
NES108,非本地企业服务,给我推荐五个国内做{{企业服务}}的公司,给我推荐五个国内做品牌咨询的公司,,企业服务,品牌咨询,GB/T 4754-2017,国民经济行业分类,L 租赁和商务服务业,采集后剔除英文流和视频流；题面不添加排除词
NES109,非本地企业服务,给我推荐五个国内做{{企业服务}}的公司,给我推荐五个国内做品牌设计的公司,,企业服务,品牌设计,GB/T 4754-2017,国民经济行业分类,L 租赁和商务服务业,采集后剔除英文流和视频流；题面不添加排除词
NES110,非本地企业服务,给我推荐五个国内做{{企业服务}}的公司,给我推荐五个国内做包装设计的公司,,企业服务,包装设计,GB/T 4754-2017,国民经济行业分类,L 租赁和商务服务业,采集后剔除英文流和视频流；题面不添加排除词
NES111,非本地企业服务,给我推荐五个国内做{{企业服务}}的公司,给我推荐五个国内做广告策划的公司,,企业服务,广告策划,GB/T 4754-2017,国民经济行业分类,L 租赁和商务服务业,采集后剔除英文流和视频流；题面不添加排除词
NES112,非本地企业服务,给我推荐五个国内做{{企业服务}}的公司,给我推荐五个国内做媒介投放代理的公司,,企业服务,媒介投放代理,GB/T 4754-2017,国民经济行业分类,L 租赁和商务服务业,采集后剔除英文流和视频流；题面不添加排除词
NES113,非本地企业服务,给我推荐五个国内做{{企业服务}}的公司,给我推荐五个国内做公关传播服务的公司,,企业服务,公关传播服务,GB/T 4754-2017,国民经济行业分类,L 租赁和商务服务业,采集后剔除英文流和视频流；题面不添加排除词
NES114,非本地企业服务,给我推荐五个国内做{{企业服务}}的公司,给我推荐五个国内做危机公关服务的公司,,企业服务,危机公关服务,GB/T 4754-2017,国民经济行业分类,L 租赁和商务服务业,采集后剔除英文流和视频流；题面不添加排除词
NES115,非本地企业服务,给我推荐五个国内做{{企业服务}}的公司,给我推荐五个国内做内容营销服务的公司,,企业服务,内容营销服务,GB/T 4754-2017,国民经济行业分类,L 租赁和商务服务业,采集后剔除英文流和视频流；题面不添加排除词
NES116,非本地企业服务,给我推荐五个国内做{{企业服务}}的公司,给我推荐五个国内做搜索营销服务的公司,,企业服务,搜索营销服务,GB/T 4754-2017,国民经济行业分类,L 租赁和商务服务业,采集后剔除英文流和视频流；题面不添加排除词
NES117,非本地企业服务,给我推荐五个国内做{{企业服务}}的公司,给我推荐五个国内做社媒运营服务的公司,,企业服务,社媒运营服务,GB/T 4754-2017,国民经济行业分类,L 租赁和商务服务业,采集后剔除英文流和视频流；题面不添加排除词
NES118,非本地企业服务,给我推荐五个国内做{{企业服务}}的公司,给我推荐五个国内做私域运营代运营的公司,,企业服务,私域运营代运营,GB/T 4754-2017,国民经济行业分类,L 租赁和商务服务业,采集后剔除英文流和视频流；题面不添加排除词
NES119,非本地企业服务,给我推荐五个国内做{{企业服务}}的公司,给我推荐五个国内做电商代运营的公司,,企业服务,电商代运营,GB/T 4754-2017,国民经济行业分类,L 租赁和商务服务业,采集后剔除英文流和视频流；题面不添加排除词
NES120,非本地企业服务,给我推荐五个国内做{{企业服务}}的公司,给我推荐五个国内做招商加盟咨询的公司,,企业服务,招商加盟咨询,GB/T 4754-2017,国民经济行业分类,L 租赁和商务服务业,采集后剔除英文流和视频流；题面不添加排除词
NES121,非本地企业服务,给我推荐五个国内做{{企业服务}}的公司,给我推荐五个国内做会展策划服务的公司,,企业服务,会展策划服务,GB/T 4754-2017,国民经济行业分类,L 租赁和商务服务业,采集后剔除英文流和视频流；题面不添加排除词
NES122,非本地企业服务,给我推荐五个国内做{{企业服务}}的公司,给我推荐五个国内做会议服务的公司,,企业服务,会议服务,GB/T 4754-2017,国民经济行业分类,L 租赁和商务服务业,采集后剔除英文流和视频流；题面不添加排除词
NES123,非本地企业服务,给我推荐五个国内做{{企业服务}}的公司,给我推荐五个国内做市场调研服务的公司,,企业服务,市场调研服务,GB/T 4754-2017,国民经济行业分类,L 租赁和商务服务业,采集后剔除英文流和视频流；题面不添加排除词
NES124,非本地企业服务,给我推荐五个国内做{{企业服务}}的公司,给我推荐五个国内做消费者洞察研究的公司,,企业服务,消费者洞察研究,GB/T 4754-2017,国民经济行业分类,L 租赁和商务服务业,采集后剔除英文流和视频流；题面不添加排除词
NES125,非本地企业服务,给我推荐五个国内做{{企业服务}}的公司,给我推荐五个国内做商业尽职调查的公司,,企业服务,商业尽职调查,GB/T 4754-2017,国民经济行业分类,L 租赁和商务服务业,采集后剔除英文流和视频流；题面不添加排除词
NES126,非本地企业服务,给我推荐五个国内做{{企业服务}}的公司,给我推荐五个国内做企业信用评级的公司,,企业服务,企业信用评级,GB/T 4754-2017,国民经济行业分类,L 租赁和商务服务业,采集后剔除英文流和视频流；题面不添加排除词
NES127,非本地企业服务,给我推荐五个国内做{{企业服务}}的公司,给我推荐五个国内做招聘外包服务的公司,,企业服务,招聘外包服务,GB/T 4754-2017,国民经济行业分类,L 租赁和商务服务业,采集后剔除英文流和视频流；题面不添加排除词
NES128,非本地企业服务,给我推荐五个国内做{{企业服务}}的公司,给我推荐五个国内做劳务派遣服务的公司,,企业服务,劳务派遣服务,GB/T 4754-2017,国民经济行业分类,L 租赁和商务服务业,采集后剔除英文流和视频流；题面不添加排除词
NES129,非本地企业服务,给我推荐五个国内做{{企业服务}}的公司,给我推荐五个国内做灵活用工服务的公司,,企业服务,灵活用工服务,GB/T 4754-2017,国民经济行业分类,L 租赁和商务服务业,采集后剔除英文流和视频流；题面不添加排除词
NES130,非本地企业服务,给我推荐五个国内做{{企业服务}}的公司,给我推荐五个国内做薪酬外包服务的公司,,企业服务,薪酬外包服务,GB/T 4754-2017,国民经济行业分类,L 租赁和商务服务业,采集后剔除英文流和视频流；题面不添加排除词
NES131,非本地企业服务,给我推荐五个国内做{{企业服务}}的公司,给我推荐五个国内做员工福利平台的公司,,企业服务,员工福利平台,GB/T 4754-2017,国民经济行业分类,L 租赁和商务服务业,采集后剔除英文流和视频流；题面不添加排除词
NES132,非本地企业服务,给我推荐五个国内做{{企业服务}}的公司,给我推荐五个国内做企业团建服务的公司,,企业服务,企业团建服务,GB/T 4754-2017,国民经济行业分类,L 租赁和商务服务业,采集后剔除英文流和视频流；题面不添加排除词
NES133,非本地企业服务,给我推荐五个国内做{{企业服务}}的公司,给我推荐五个国内做行政外包服务的公司,,企业服务,行政外包服务,GB/T 4754-2017,国民经济行业分类,L 租赁和商务服务业,采集后剔除英文流和视频流；题面不添加排除词
NES134,非本地企业服务,给我推荐五个国内做{{企业服务}}的公司,给我推荐五个国内做客服外包服务的公司,,企业服务,客服外包服务,GB/T 4754-2017,国民经济行业分类,L 租赁和商务服务业,采集后剔除英文流和视频流；题面不添加排除词
NES135,非本地企业服务,给我推荐五个国内做{{企业服务}}的公司,给我推荐五个国内做呼叫中心外包的公司,,企业服务,呼叫中心外包,GB/T 4754-2017,国民经济行业分类,L 租赁和商务服务业,采集后剔除英文流和视频流；题面不添加排除词
NES136,非本地企业服务,给我推荐五个国内做{{企业服务}}的公司,给我推荐五个国内做采购外包服务的公司,,企业服务,采购外包服务,GB/T 4754-2017,国民经济行业分类,L 租赁和商务服务业,采集后剔除英文流和视频流；题面不添加排除词
NES137,非本地企业服务,给我推荐五个国内做{{企业服务}}的公司,给我推荐五个国内做档案外包服务的公司,,企业服务,档案外包服务,GB/T 4754-2017,国民经济行业分类,L 租赁和商务服务业,采集后剔除英文流和视频流；题面不添加排除词
NES138,非本地企业服务,给我推荐五个国内做{{企业服务}}的公司,给我推荐五个国内做印章管理服务的公司,,企业服务,印章管理服务,GB/T 4754-2017,国民经济行业分类,L 租赁和商务服务业,采集后剔除英文流和视频流；题面不添加排除词
NES139,非本地企业服务,给我推荐五个国内做{{企业服务}}的公司,给我推荐五个国内做商旅管理服务的公司,,企业服务,商旅管理服务,GB/T 4754-2017,国民经济行业分类,L 租赁和商务服务业,采集后剔除英文流和视频流；题面不添加排除词
NES140,非本地企业服务,给我推荐五个国内做{{企业服务}}的公司,给我推荐五个国内做办公租赁服务的公司,,企业服务,办公租赁服务,GB/T 4754-2017,国民经济行业分类,L 租赁和商务服务业,采集后剔除英文流和视频流；题面不添加排除词
NES141,非本地企业服务,给我推荐五个国内做{{企业服务}}的公司,给我推荐五个国内做财务数字化咨询的公司,,企业服务,财务数字化咨询,GB/T 4754-2017,国民经济行业分类,L 租赁和商务服务业,采集后剔除英文流和视频流；题面不添加排除词
NES142,非本地企业服务,给我推荐五个国内做{{企业服务}}的公司,给我推荐五个国内做供应链数字化咨询的公司,,企业服务,供应链数字化咨询,GB/T 4754-2017,国民经济行业分类,L 租赁和商务服务业,采集后剔除英文流和视频流；题面不添加排除词
NES143,非本地企业服务,给我推荐五个国内做{{企业服务}}的公司,给我推荐五个国内做生产数字化咨询的公司,,企业服务,生产数字化咨询,GB/T 4754-2017,国民经济行业分类,L 租赁和商务服务业,采集后剔除英文流和视频流；题面不添加排除词
NES144,非本地企业服务,给我推荐五个国内做{{企业服务}}的公司,给我推荐五个国内做营销数字化咨询的公司,,企业服务,营销数字化咨询,GB/T 4754-2017,国民经济行业分类,L 租赁和商务服务业,采集后剔除英文流和视频流；题面不添加排除词
NES145,非本地企业服务,给我推荐五个国内做{{企业服务}}的公司,给我推荐五个国内做企业出海咨询的公司,,企业服务,企业出海咨询,GB/T 4754-2017,国民经济行业分类,L 租赁和商务服务业,采集后剔除英文流和视频流；题面不添加排除词
NES146,非本地企业服务,给我推荐五个国内做{{企业服务}}的公司,给我推荐五个国内做跨境支付服务的公司,,企业服务,跨境支付服务,GB/T 4754-2017,国民经济行业分类,L 租赁和商务服务业,采集后剔除英文流和视频流；题面不添加排除词
NES147,非本地企业服务,给我推荐五个国内做{{企业服务}}的公司,给我推荐五个国内做采购招标代理的公司,,企业服务,采购招标代理,GB/T 4754-2017,国民经济行业分类,L 租赁和商务服务业,采集后剔除英文流和视频流；题面不添加排除词
NES148,非本地企业服务,给我推荐五个国内做{{企业服务}}的公司,给我推荐五个国内做企业并购咨询的公司,,企业服务,企业并购咨询,GB/T 4754-2017,国民经济行业分类,L 租赁和商务服务业,采集后剔除英文流和视频流；题面不添加排除词
NES149,非本地企业服务,给我推荐五个国内做{{企业服务}}的公司,给我推荐五个国内做可持续发展咨询的公司,,企业服务,可持续发展咨询,GB/T 4754-2017,国民经济行业分类,L 租赁和商务服务业,采集后剔除英文流和视频流；题面不添加排除词
NES150,非本地企业服务,给我推荐五个国内做{{企业服务}}的公司,给我推荐五个国内做检验检测服务的公司,,企业服务,检验检测服务,GB/T 4754-2017,国民经济行业分类,M 科学研究和技术服务业,采集后剔除英文流和视频流；题面不添加排除词
NES151,非本地企业服务,给我推荐五个国内做{{企业服务}}的公司,给我推荐五个国内做计量校准服务的公司,,企业服务,计量校准服务,GB/T 4754-2017,国民经济行业分类,M 科学研究和技术服务业,采集后剔除英文流和视频流；题面不添加排除词
NES152,非本地企业服务,给我推荐五个国内做{{企业服务}}的公司,给我推荐五个国内做认证咨询服务的公司,,企业服务,认证咨询服务,GB/T 4754-2017,国民经济行业分类,M 科学研究和技术服务业,采集后剔除英文流和视频流；题面不添加排除词
NES153,非本地企业服务,给我推荐五个国内做{{企业服务}}的公司,给我推荐五个国内做质量体系认证服务的公司,,企业服务,质量体系认证服务,GB/T 4754-2017,国民经济行业分类,M 科学研究和技术服务业,采集后剔除英文流和视频流；题面不添加排除词
NES154,非本地企业服务,给我推荐五个国内做{{企业服务}}的公司,给我推荐五个国内做环境检测服务的公司,,企业服务,环境检测服务,GB/T 4754-2017,国民经济行业分类,M 科学研究和技术服务业,采集后剔除英文流和视频流；题面不添加排除词
NES155,非本地企业服务,给我推荐五个国内做{{企业服务}}的公司,给我推荐五个国内做职业卫生检测的公司,,企业服务,职业卫生检测,GB/T 4754-2017,国民经济行业分类,M 科学研究和技术服务业,采集后剔除英文流和视频流；题面不添加排除词
NES156,非本地企业服务,给我推荐五个国内做{{企业服务}}的公司,给我推荐五个国内做安全评价服务的公司,,企业服务,安全评价服务,GB/T 4754-2017,国民经济行业分类,M 科学研究和技术服务业,采集后剔除英文流和视频流；题面不添加排除词
NES157,非本地企业服务,给我推荐五个国内做{{企业服务}}的公司,给我推荐五个国内做工程咨询的公司,,企业服务,工程咨询,GB/T 4754-2017,国民经济行业分类,M 科学研究和技术服务业,采集后剔除英文流和视频流；题面不添加排除词
NES158,非本地企业服务,给我推荐五个国内做{{企业服务}}的公司,给我推荐五个国内做工程造价咨询的公司,,企业服务,工程造价咨询,GB/T 4754-2017,国民经济行业分类,M 科学研究和技术服务业,采集后剔除英文流和视频流；题面不添加排除词
NES159,非本地企业服务,给我推荐五个国内做{{企业服务}}的公司,给我推荐五个国内做工程监理服务的公司,,企业服务,工程监理服务,GB/T 4754-2017,国民经济行业分类,M 科学研究和技术服务业,采集后剔除英文流和视频流；题面不添加排除词
NES160,非本地企业服务,给我推荐五个国内做{{企业服务}}的公司,给我推荐五个国内做建筑设计服务的公司,,企业服务,建筑设计服务,GB/T 4754-2017,国民经济行业分类,M 科学研究和技术服务业,采集后剔除英文流和视频流；题面不添加排除词
NES161,非本地企业服务,给我推荐五个国内做{{企业服务}}的公司,给我推荐五个国内做工业设计服务的公司,,企业服务,工业设计服务,GB/T 4754-2017,国民经济行业分类,M 科学研究和技术服务业,采集后剔除英文流和视频流；题面不添加排除词
NES162,非本地企业服务,给我推荐五个国内做{{企业服务}}的公司,给我推荐五个国内做产品设计服务的公司,,企业服务,产品设计服务,GB/T 4754-2017,国民经济行业分类,M 科学研究和技术服务业,采集后剔除英文流和视频流；题面不添加排除词
NES163,非本地企业服务,给我推荐五个国内做{{企业服务}}的公司,给我推荐五个国内做结构设计服务的公司,,企业服务,结构设计服务,GB/T 4754-2017,国民经济行业分类,M 科学研究和技术服务业,采集后剔除英文流和视频流；题面不添加排除词
NES164,非本地企业服务,给我推荐五个国内做{{企业服务}}的公司,给我推荐五个国内做实验室建设服务的公司,,企业服务,实验室建设服务,GB/T 4754-2017,国民经济行业分类,M 科学研究和技术服务业,采集后剔除英文流和视频流；题面不添加排除词
NES165,非本地企业服务,给我推荐五个国内做{{企业服务}}的公司,给我推荐五个国内做研发外包服务的公司,,企业服务,研发外包服务,GB/T 4754-2017,国民经济行业分类,M 科学研究和技术服务业,采集后剔除英文流和视频流；题面不添加排除词
NES166,非本地企业服务,给我推荐五个国内做{{企业服务}}的公司,给我推荐五个国内做技术转移服务的公司,,企业服务,技术转移服务,GB/T 4754-2017,国民经济行业分类,M 科学研究和技术服务业,采集后剔除英文流和视频流；题面不添加排除词
NES167,非本地企业服务,给我推荐五个国内做{{企业服务}}的公司,给我推荐五个国内做科技成果评价的公司,,企业服务,科技成果评价,GB/T 4754-2017,国民经济行业分类,M 科学研究和技术服务业,采集后剔除英文流和视频流；题面不添加排除词
NES168,非本地企业服务,给我推荐五个国内做{{企业服务}}的公司,给我推荐五个国内做标准化咨询服务的公司,,企业服务,标准化咨询服务,GB/T 4754-2017,国民经济行业分类,M 科学研究和技术服务业,采集后剔除英文流和视频流；题面不添加排除词
NES169,非本地企业服务,给我推荐五个国内做{{企业服务}}的公司,给我推荐五个国内做专精特新申报服务的公司,,企业服务,专精特新申报服务,GB/T 4754-2017,国民经济行业分类,M 科学研究和技术服务业,采集后剔除英文流和视频流；题面不添加排除词
NES170,非本地企业服务,给我推荐五个国内做{{企业服务}}的公司,给我推荐五个国内做高新技术企业申报的公司,,企业服务,高新技术企业申报,GB/T 4754-2017,国民经济行业分类,M 科学研究和技术服务业,采集后剔除英文流和视频流；题面不添加排除词
NES171,非本地企业服务,给我推荐五个国内做{{企业服务}}的公司,给我推荐五个国内做政府项目申报的公司,,企业服务,政府项目申报,GB/T 4754-2017,国民经济行业分类,M 科学研究和技术服务业,采集后剔除英文流和视频流；题面不添加排除词
NES172,非本地企业服务,给我推荐五个国内做{{企业服务}}的公司,给我推荐五个国内做碳核查服务的公司,,企业服务,碳核查服务,GB/T 4754-2017,国民经济行业分类,M 科学研究和技术服务业,采集后剔除英文流和视频流；题面不添加排除词
NES173,非本地企业服务,给我推荐五个国内做{{企业服务}}的公司,给我推荐五个国内做节能评估服务的公司,,企业服务,节能评估服务,GB/T 4754-2017,国民经济行业分类,M 科学研究和技术服务业,采集后剔除英文流和视频流；题面不添加排除词
NES174,非本地企业服务,给我推荐五个国内做{{企业服务}}的公司,给我推荐五个国内做知识产权贯标服务的公司,,企业服务,知识产权贯标服务,GB/T 4754-2017,国民经济行业分类,M 科学研究和技术服务业,采集后剔除英文流和视频流；题面不添加排除词
NES175,非本地企业服务,给我推荐五个国内做{{企业服务}}的公司,给我推荐五个国内做信息安全咨询的公司,,企业服务,信息安全咨询,GB/T 4754-2017,国民经济行业分类,M 科学研究和技术服务业,采集后剔除英文流和视频流；题面不添加排除词
NES176,非本地企业服务,给我推荐五个国内做{{企业服务}}的公司,给我推荐五个国内做数据资产评估的公司,,企业服务,数据资产评估,GB/T 4754-2017,国民经济行业分类,M 科学研究和技术服务业,采集后剔除英文流和视频流；题面不添加排除词
NES177,非本地企业服务,给我推荐五个国内做{{企业服务}}的公司,给我推荐五个国内做地理信息服务的公司,,企业服务,地理信息服务,GB/T 4754-2017,国民经济行业分类,M 科学研究和技术服务业,采集后剔除英文流和视频流；题面不添加排除词
NES178,非本地企业服务,给我推荐五个国内做{{企业服务}}的公司,给我推荐五个国内做测绘服务的公司,,企业服务,测绘服务,GB/T 4754-2017,国民经济行业分类,M 科学研究和技术服务业,采集后剔除英文流和视频流；题面不添加排除词
NES179,非本地企业服务,给我推荐五个国内做{{企业服务}}的公司,给我推荐五个国内做供应链规划咨询的公司,,企业服务,供应链规划咨询,GB/T 4754-2017,国民经济行业分类,M 科学研究和技术服务业,采集后剔除英文流和视频流；题面不添加排除词
NES180,非本地企业服务,给我推荐五个国内做{{企业服务}}的公司,给我推荐五个国内做第三方物流服务的公司,,企业服务,第三方物流服务,GB/T 4754-2017,国民经济行业分类,G 交通运输、仓储和邮政业,采集后剔除英文流和视频流；题面不添加排除词
NES181,非本地企业服务,给我推荐五个国内做{{企业服务}}的公司,给我推荐五个国内做冷链物流服务的公司,,企业服务,冷链物流服务,GB/T 4754-2017,国民经济行业分类,G 交通运输、仓储和邮政业,采集后剔除英文流和视频流；题面不添加排除词
NES182,非本地企业服务,给我推荐五个国内做{{企业服务}}的公司,给我推荐五个国内做仓储托管服务的公司,,企业服务,仓储托管服务,GB/T 4754-2017,国民经济行业分类,G 交通运输、仓储和邮政业,采集后剔除英文流和视频流；题面不添加排除词
NES183,非本地企业服务,给我推荐五个国内做{{企业服务}}的公司,给我推荐五个国内做跨境物流服务的公司,,企业服务,跨境物流服务,GB/T 4754-2017,国民经济行业分类,G 交通运输、仓储和邮政业,采集后剔除英文流和视频流；题面不添加排除词
NES184,非本地企业服务,给我推荐五个国内做{{企业服务}}的公司,给我推荐五个国内做环保治理服务的公司,,企业服务,环保治理服务,GB/T 4754-2017,国民经济行业分类,N 水利、环境和公共设施管理业,采集后剔除英文流和视频流；题面不添加排除词
NES185,非本地企业服务,给我推荐五个国内做{{企业服务}}的公司,给我推荐五个国内做污水处理服务的公司,,企业服务,污水处理服务,GB/T 4754-2017,国民经济行业分类,N 水利、环境和公共设施管理业,采集后剔除英文流和视频流；题面不添加排除词
NES186,非本地企业服务,给我推荐五个国内做{{企业服务}}的公司,给我推荐五个国内做固废处理服务的公司,,企业服务,固废处理服务,GB/T 4754-2017,国民经济行业分类,N 水利、环境和公共设施管理业,采集后剔除英文流和视频流；题面不添加排除词
NES187,非本地企业服务,给我推荐五个国内做{{企业服务}}的公司,给我推荐五个国内做工业废气治理的公司,,企业服务,工业废气治理,GB/T 4754-2017,国民经济行业分类,N 水利、环境和公共设施管理业,采集后剔除英文流和视频流；题面不添加排除词
NES188,非本地企业服务,给我推荐五个国内做{{企业服务}}的公司,给我推荐五个国内做危废处置服务的公司,,企业服务,危废处置服务,GB/T 4754-2017,国民经济行业分类,N 水利、环境和公共设施管理业,采集后剔除英文流和视频流；题面不添加排除词
NES189,非本地企业服务,给我推荐五个国内做{{企业服务}}的公司,给我推荐五个国内做园区物业服务的公司,,企业服务,园区物业服务,GB/T 4754-2017,国民经济行业分类,K 房地产业,采集后剔除英文流和视频流；题面不添加排除词
NES190,非本地企业服务,给我推荐五个国内做{{企业服务}}的公司,给我推荐五个国内做写字楼保洁服务的公司,,企业服务,写字楼保洁服务,GB/T 4754-2017,国民经济行业分类,O 居民服务、修理和其他服务业,采集后剔除英文流和视频流；题面不添加排除词
NES191,非本地企业服务,给我推荐五个国内做{{企业服务}}的公司,给我推荐五个国内做企业搬迁服务的公司,,企业服务,企业搬迁服务,GB/T 4754-2017,国民经济行业分类,G 交通运输、仓储和邮政业,采集后剔除英文流和视频流；题面不添加排除词
NES192,非本地企业服务,给我推荐五个国内做{{企业服务}}的公司,给我推荐五个国内做办公室装修服务的公司,,企业服务,办公室装修服务,GB/T 4754-2017,国民经济行业分类,E 建筑业,采集后剔除英文流和视频流；题面不添加排除词
NES193,非本地企业服务,给我推荐五个国内做{{企业服务}}的公司,给我推荐五个国内做展厅装修服务的公司,,企业服务,展厅装修服务,GB/T 4754-2017,国民经济行业分类,E 建筑业,采集后剔除英文流和视频流；题面不添加排除词
NES194,非本地企业服务,给我推荐五个国内做{{企业服务}}的公司,给我推荐五个国内做消防工程服务的公司,,企业服务,消防工程服务,GB/T 4754-2017,国民经济行业分类,E 建筑业,采集后剔除英文流和视频流；题面不添加排除词
NES195,非本地企业服务,给我推荐五个国内做{{企业服务}}的公司,给我推荐五个国内做弱电工程服务的公司,,企业服务,弱电工程服务,GB/T 4754-2017,国民经济行业分类,E 建筑业,采集后剔除英文流和视频流；题面不添加排除词
NES196,非本地企业服务,给我推荐五个国内做{{企业服务}}的公司,给我推荐五个国内做安防工程服务的公司,,企业服务,安防工程服务,GB/T 4754-2017,国民经济行业分类,E 建筑业,采集后剔除英文流和视频流；题面不添加排除词
NES197,非本地企业服务,给我推荐五个国内做{{企业服务}}的公司,给我推荐五个国内做机房建设服务的公司,,企业服务,机房建设服务,GB/T 4754-2017,国民经济行业分类,E 建筑业,采集后剔除英文流和视频流；题面不添加排除词
NES198,非本地企业服务,给我推荐五个国内做{{企业服务}}的公司,给我推荐五个国内做设备租赁服务的公司,,企业服务,设备租赁服务,GB/T 4754-2017,国民经济行业分类,L 租赁和商务服务业,采集后剔除英文流和视频流；题面不添加排除词
NES199,非本地企业服务,给我推荐五个国内做{{企业服务}}的公司,给我推荐五个国内做办公设备租赁的公司,,企业服务,办公设备租赁,GB/T 4754-2017,国民经济行业分类,L 租赁和商务服务业,采集后剔除英文流和视频流；题面不添加排除词
NES200,非本地企业服务,给我推荐五个国内做{{企业服务}}的公司,给我推荐五个国内做车辆租赁服务的公司,,企业服务,车辆租赁服务,GB/T 4754-2017,国民经济行业分类,L 租赁和商务服务业,采集后剔除英文流和视频流；题面不添加排除词
